-- phpMyAdmin SQL Dump
-- version 5.0.2
-- https://www.phpmyadmin.net/
--
-- Hôte : 127.0.0.1:3306
-- Généré le : lun. 11 avr. 2022 à 17:27
-- Version du serveur :  5.7.31
-- Version de PHP : 7.3.21

SET SQL_MODE = "NO_AUTO_VALUE_ON_ZERO";
START TRANSACTION;
SET time_zone = "+00:00";


/*!40101 SET @OLD_CHARACTER_SET_CLIENT=@@CHARACTER_SET_CLIENT */;
/*!40101 SET @OLD_CHARACTER_SET_RESULTS=@@CHARACTER_SET_RESULTS */;
/*!40101 SET @OLD_COLLATION_CONNECTION=@@COLLATION_CONNECTION */;
/*!40101 SET NAMES utf8mb4 */;

--
-- Base de données : `apwebbts`
--

DELIMITER $$
--
-- Procédures
--
DROP PROCEDURE IF EXISTS `delete_ville_by_id`$$
CREATE DEFINER=`root`@`localhost` PROCEDURE `delete_ville_by_id` (IN `p_idVille` INT)  BEGIN
	DELETE FROM villes 
    WHERE idVille = p_idVille;
END$$

DROP PROCEDURE IF EXISTS `est_reserver`$$
CREATE DEFINER=`root`@`localhost` PROCEDURE `est_reserver` (`p_idHebergement` INT, OUT `nbr` INT)  BEGIN
	SELECT COUNT(*) into nbr
    FROM reservations_voyages
    INNER JOIN reservations_hebergement on reservations_voyages.idReservationVoyage = reservations_hebergement.idVoyage
    where reservations_voyages.is_building = 1 and reservations_hebergement.idHebergement = p_idHebergement;
    IF nbr > 1 THEN
    	set nbr = 1;
    END IF;
END$$

DROP PROCEDURE IF EXISTS `get_infos_about_to_all`$$
CREATE DEFINER=`root`@`localhost` PROCEDURE `get_infos_about_to_all` (IN `p_id_hebergement` INT)  BEGIN
	SELECT SUM(nbJours) as nuitees, hebergement.dateEnregistrement, COUNT(*) as nbReservation FROM reservations_hebergement 
                INNER JOIN reservations_voyages ON reservations_hebergement.idVoyage = reservations_voyages.idReservationVoyage 
                INNER JOIN hebergement USING(idHebergement) 
                WHERE idHebergement = p_id_hebergement  
                AND is_building = 0 
                AND dateFin BETWEEN (SELECT dateEnregistrement FROM hebergement WHERE idHebergement = p_id_hebergement) AND NOW();
  END$$

DROP PROCEDURE IF EXISTS `get_infos_about_to_year`$$
CREATE DEFINER=`root`@`localhost` PROCEDURE `get_infos_about_to_year` (IN `p_id_hebergement` INT, IN `p_date` DATETIME)  BEGIN
	SELECT SUM(nbJours) as nuitees, hebergement.dateEnregistrement, COUNT(*) as nbReservation FROM reservations_hebergement 
                INNER JOIN reservations_voyages ON reservations_hebergement.idVoyage = reservations_voyages.idReservationVoyage 
                INNER JOIN hebergement USING(idHebergement) 
                where idHebergement = p_id_hebergement  
                AND is_building = 0 
                AND dateFin BETWEEN 
                (CASE 
                WHEN (SELECT dateEnregistrement FROM hebergement WHERE idHebergement = p_id_hebergement) < p_date THEN p_date 
                ELSE (SELECT dateEnregistrement FROM hebergement WHERE idHebergement = p_id_hebergement) 
                END)
                AND NOW();
       END$$

DROP PROCEDURE IF EXISTS `obtenir_infos_gains`$$
CREATE DEFINER=`root`@`localhost` PROCEDURE `obtenir_infos_gains` (IN `p_id_hebergement` INT, IN `p_1_mois` DATETIME, IN `p_3_mois` DATETIME, IN `p_6_mois` DATETIME, IN `p_1_an` DATETIME)  BEGIN
	SELECT 
    	( 
         SELECT SUM(reservations_hebergement.prix) FROM reservations_hebergement
         INNER JOIN reservations_voyages ON reservations_hebergement.idVoyage = reservations_voyages.idReservationVoyage 
         WHERE reservations_hebergement.idHebergement = hebergement.idHebergement 
         AND is_building = 0 
         AND dateDebut BETWEEN p_1_mois 
         AND NOW() 
        ) as gainsDuMois,
        ( 
         SELECT SUM(reservations_hebergement.prix) FROM reservations_hebergement
         INNER JOIN reservations_voyages ON reservations_hebergement.idVoyage = reservations_voyages.idReservationVoyage 
         WHERE reservations_hebergement.idHebergement = hebergement.idHebergement 
         AND is_building = 0 
         AND dateDebut BETWEEN p_3_mois 
         AND NOW() 
        ) as gainsDuTrimestre,
        ( 
         SELECT SUM(reservations_hebergement.prix) FROM reservations_hebergement
         INNER JOIN reservations_voyages ON reservations_hebergement.idVoyage = reservations_voyages.idReservationVoyage 
         WHERE reservations_hebergement.idHebergement = hebergement.idHebergement 
         AND is_building = 0 
         AND dateDebut BETWEEN p_6_mois 
         AND NOW() 
        ) as gainsDuSemestre,
        ( 
         SELECT SUM(reservations_hebergement.prix) FROM reservations_hebergement
         INNER JOIN reservations_voyages ON reservations_hebergement.idVoyage = reservations_voyages.idReservationVoyage 
         WHERE reservations_hebergement.idHebergement = hebergement.idHebergement 
         AND is_building = 0 
         AND dateDebut BETWEEN p_1_an 
         AND NOW() 
        ) as gainsAnnee,
        ( 
         SELECT SUM(reservations_hebergement.prix) FROM reservations_hebergement
         INNER JOIN reservations_voyages ON reservations_hebergement.idVoyage = reservations_voyages.idReservationVoyage 
         WHERE reservations_hebergement.idHebergement = hebergement.idHebergement 
         AND is_building = 0 
         AND dateFin < NOW() 
        ) as gainsALL
    FROM hebergement WHERE idHebergement = p_id_hebergement;
END$$

DROP PROCEDURE IF EXISTS `sup_avis`$$
CREATE DEFINER=`root`@`localhost` PROCEDURE `sup_avis` (IN `p_idAvis` INT)  BEGIN
	DELETE
    FROM avis
    where idAvis = p_idAvis;
END$$

DROP PROCEDURE IF EXISTS `sup_favoris`$$
CREATE DEFINER=`root`@`localhost` PROCEDURE `sup_favoris` (`p_idHebergement` INT, `p_idUtilisateur` INT)  BEGIN
	DELETE
    from favoris
    where idHebergement = p_idHebergement and idUtilisateur = p_idUtilisateur;
END$$

DROP PROCEDURE IF EXISTS `sup_hebergement`$$
CREATE DEFINER=`root`@`localhost` PROCEDURE `sup_hebergement` (IN `p_idHebergement` INT)  BEGIN
	DELETE
    from hebergement
    where idHebergement = p_idHebergement;
END$$

DROP PROCEDURE IF EXISTS `sup_option_by_herbergement`$$
CREATE DEFINER=`root`@`localhost` PROCEDURE `sup_option_by_herbergement` (IN `p_idHebergement` INT)  BEGIN
	DELETE
    from options_by_hebergement
    where idHebergement = p_idHebergement;
END$$

DROP PROCEDURE IF EXISTS `sup_reservations_hebergement`$$
CREATE DEFINER=`root`@`localhost` PROCEDURE `sup_reservations_hebergement` (IN `p_idReservationHebergement` INT)  BEGIN
	DELETE
    from reservations_hebergement
    where idReservationHebergement = p_idReservationHebergement;
END$$

DROP PROCEDURE IF EXISTS `sup_reservation_voyage`$$
CREATE DEFINER=`root`@`localhost` PROCEDURE `sup_reservation_voyage` (`p_idReservationVoyage` INT, `p_is_building` INT)  BEGIN
	DELETE
    FROM reservations_voyages
    WHERE idReservationVoyage = p_idReservationVoyage and is_building = p_is_building;
END$$

DROP PROCEDURE IF EXISTS `sup_user`$$
CREATE DEFINER=`root`@`localhost` PROCEDURE `sup_user` (IN `p_idUser` INT)  BEGIN
	DELETE
    from utilisateurs
    where idUtilisateur = p_idUser;
END$$

DROP PROCEDURE IF EXISTS `sup_villes`$$
CREATE DEFINER=`root`@`localhost` PROCEDURE `sup_villes` (`p_idVille` INT)  BEGIN
	DELETE
    FROM reservations_voyages
    WHERE idVilles = p_idVille;
END$$

DELIMITER ;

-- --------------------------------------------------------

--
-- Structure de la table `access_logs`
--

DROP TABLE IF EXISTS `access_logs`;
CREATE TABLE IF NOT EXISTS `access_logs` (
  `idLog` int(11) NOT NULL AUTO_INCREMENT,
  `date` datetime NOT NULL,
  `ip` varchar(20) NOT NULL,
  `idUtilisateur` int(11) NOT NULL,
  PRIMARY KEY (`idLog`)
) ENGINE=MyISAM AUTO_INCREMENT=14 DEFAULT CHARSET=utf8;

--
-- Déchargement des données de la table `access_logs`
--

INSERT INTO `access_logs` (`idLog`, `date`, `ip`, `idUtilisateur`) VALUES
(1, '2022-03-20 16:22:34', '::1', 3),
(2, '2022-03-31 11:30:06', '::1', 4),
(3, '2022-03-31 15:15:11', '::1', 5),
(4, '2022-04-03 14:22:45', '::1', 6),
(5, '2022-04-03 16:21:23', '::1', 9),
(6, '2022-04-03 17:16:48', '::1', 8),
(7, '2022-04-10 14:40:57', '::1', 8),
(8, '2022-04-10 15:16:01', '::1', 1),
(9, '2022-04-10 15:45:51', '::1', 8),
(10, '2022-04-10 19:12:51', '::1', 1),
(11, '2022-04-11 09:46:25', '::1', 1),
(12, '2022-04-11 16:28:13', '::1', 1),
(13, '2022-04-11 17:04:05', '::1', 8);

-- --------------------------------------------------------

--
-- Structure de la table `activites`
--

DROP TABLE IF EXISTS `activites`;
CREATE TABLE IF NOT EXISTS `activites` (
  `idActivite` int(11) NOT NULL AUTO_INCREMENT,
  `libelle` varchar(100) NOT NULL,
  `icon` varchar(100) NOT NULL,
  PRIMARY KEY (`idActivite`)
) ENGINE=MyISAM AUTO_INCREMENT=30 DEFAULT CHARSET=latin1;

--
-- Déchargement des données de la table `activites`
--

INSERT INTO `activites` (`idActivite`, `libelle`, `icon`) VALUES
(1, 'airport', 'airport.png'),
(2, 'apple', 'apple.png'),
(3, 'arch', 'arch.png'),
(4, 'binoculars', 'binoculars.png'),
(5, 'cinema', 'cinema.png'),
(6, 'flowers', 'flowers.png'),
(7, 'gifts', 'gifts.png'),
(8, 'home', 'home.png'),
(9, 'museum_painting', 'museum_painting.png'),
(10, 'restaurant', 'restaurant.png'),
(11, 'watercraft', 'watercraft.png'),
(12, 'waterskiing', 'waterskiing.png'),
(13, 'weights', 'weights.png'),
(14, 'zoo', 'zoo.png'),
(15, 'gondola', 'gondola.png'),
(16, 'grass', 'grass.png'),
(17, 'grocery', 'grocery.png'),
(18, 'hiking', 'hiking.png'),
(19, 'jazzclub', 'jazzclub.png'),
(20, 'museum_naval', 'museum_naval.png'),
(21, 'palace', 'palace.png'),
(22, 'parking', 'parking.png'),
(23, 'winebar', 'winebar.png'),
(24, 'beer', 'beer.png'),
(25, 'bicycle', 'bicycle.png'),
(26, 'castle', 'castle.png'),
(27, 'chapel', 'chapel.png'),
(28, 'coffee', 'coffee.png'),
(29, 'factory', 'factory.png');

-- --------------------------------------------------------

--
-- Structure de la table `activites_by_ville`
--

DROP TABLE IF EXISTS `activites_by_ville`;
CREATE TABLE IF NOT EXISTS `activites_by_ville` (
  `idActivite` int(11) NOT NULL,
  `idVille` int(11) NOT NULL,
  `latitude` float NOT NULL,
  `longitude` float NOT NULL,
  `description` text NOT NULL
) ENGINE=MyISAM DEFAULT CHARSET=latin1;

--
-- Déchargement des données de la table `activites_by_ville`
--

INSERT INTO `activites_by_ville` (`idActivite`, `idVille`, `latitude`, `longitude`, `description`) VALUES
(1, 13, 47.1568, -1.6089, 'L\'aéroport de Nantes'),
(11, 13, 47.1173, -1.66125, 'Jet-ski'),
(12, 13, 47.1057, -1.65473, 'Ski nautique'),
(10, 13, 47.2042, -1.5665, 'De nombreux restaurant sur les berges du Hangar à banane'),
(4, 13, 47.1878, -1.5562, 'Découvrez le village de Rezé et ses sculptures contemporaines'),
(4, 13, 47.2324, -1.60512, 'Découvrez le Parc du val de Chézine et son calme reposant'),
(7, 13, 47.2492, -1.515, 'Découvrez les centres commerciaux de Nantes, un lieu parfait pour ramener des souvenirs'),
(5, 13, 47.2234, -1.63216, 'Le cinéma où tous les bons films sont'),
(16, 13, 47.2882, -1.49174, 'Golf de Carquefou'),
(18, 13, 47.3024, -1.59353, 'Randonnée de la Frosnière'),
(18, 13, 47.2306, -1.75575, 'Randonnée du Bois des Prés'),
(18, 13, 47.1259, -1.58529, 'Randonnée du Lac de Grand-Lieu'),
(19, 13, 47.1973, -1.50272, 'Club de Jazz, concert tous les soirs.'),
(18, 13, 47.1507, -1.42393, 'Randonnée du Moulin de la Bourchinière'),
(6, 13, 47.1562, -1.48564, 'Parc de la Mésangère'),
(22, 13, 47.2175, -1.60267, 'Parking Maurice Garin. 388 places.'),
(22, 13, 47.2354, -1.53062, 'Parking Donatien Bahaud. 256 places.'),
(22, 13, 47.201, -1.5238, 'Parking de la Libération. 178 places.'),
(18, 17, 47.0879, -0.905712, 'Randonnée de la Vendée'),
(18, 17, 47.0301, -0.838936, 'Randonnée des deux lacs'),
(18, 17, 47.0797, -0.802029, 'Randonnée du Rond des Dames'),
(10, 17, 47.058, -0.858634, 'Restaurant l\'autre usine'),
(10, 17, 47.0501, -0.908202, 'Restaurant la Grange'),
(10, 17, 47.0618, -0.880564, 'Brasserie le Grand Café'),
(16, 17, 47.0783, -0.897859, 'Golf de Cholet'),
(1, 17, 47.0808, -0.87859, 'Aérodrome de Cholet'),
(4, 17, 47.063, -0.940474, 'Panorama d\'un village vieux de 500 ans'),
(4, 17, 47.022, -0.81868, 'Panorama des deux lacs'),
(4, 17, 47.0774, -0.799368, 'Panorama des cultures régionales'),
(6, 14, 47.4747, -0.544306, 'Jardin des plantes. Plus de 1000 espèces s\'y développent. Chaque visiteur peut y planter une graine'),
(6, 14, 47.4767, -0.57851, 'Parc de la Garenne, profitez d\'espaces aménagés pour la marche'),
(6, 14, 47.4696, -0.47444, 'Parc des Pignerolles, un lieu reposant pour toute la famille'),
(5, 14, 47.4794, -0.550443, 'Cinéma Pathé. On y voit, parait-il, les meilleurs films de France'),
(10, 14, 47.4716, -0.553147, 'Bistrot des Ducs, un restaurant plébiscité par les guides locaux'),
(19, 14, 47.4473, -0.573102, 'Spectacle de guitare tous les jours à 15h00'),
(23, 14, 47.4451, -0.539199, 'Jean René, Caviste local. Elu meilleur caviste de la ville 2020.'),
(15, 14, 47.4555, -0.588895, 'Envie de faire un petit tour de gondole ? Ce petit lac est le lieu que nous vous recommandons pour cela !'),
(18, 14, 47.4729, -0.447789, 'Randonnée de la Pie Hardie'),
(4, 14, 47.4026, -0.485641, 'Visiter un village plein de charme et ne louper pas son église vieille de 800 ans !'),
(4, 14, 47.414, -0.611898, 'L\'embouche des noyés. Un panorama unique sur la Loire où de nombreux tourbillons se forment'),
(16, 14, 47.5108, -0.577136, 'Golf d\'Avrillé. Le repère de tout bon hipster'),
(6, 15, 46.9801, -1.31853, 'Parc des Rochettes. La recommandation du coin pour se reposer au soleil'),
(10, 15, 46.9754, -1.31441, 'Le restaurant La Digue, tenu par Roger, est noté parmi les deux meilleurs restaurants de Montaigu'),
(4, 15, 46.964, -1.33935, 'Visiter le petit village de Boufféré vous permettra d\'observer l\'architecture unique des maisons du village'),
(18, 15, 46.9747, -1.28707, 'La randonnée de la Gouraudière fait 15 km. Seuls les plus aguerris s\'y aventurent.'),
(29, 15, 46.9663, -1.32222, 'La carrière de Montaigu existe depuis maintenant des dizaines d\'années. La légende veut qu\'elle contienne de l\'or. Il est d\'ailleurs possible d\'en chercher tous les samedis'),
(27, 15, 46.948, -1.29557, 'L\'église du village est célèbre pour la beauté de ses vitraux'),
(20, 21, 47.1071, -2.11139, 'Au porc de Pornic, vous pouvez réserver un petit bateau chez Fabrice pour faire la visite des côtes.'),
(10, 21, 47.1066, -2.0983, 'La crêperie de la Source est réputé pour faire les meilleurs crêpes de la ville. Nous conseillons d\'ailleurs la Seguin'),
(16, 21, 47.117, -2.12238, 'Un golf de 9 trous où le mythic \'One Pack\' à réussir un score de 27'),
(20, 21, 47.0952, -2.05615, 'Le port de la Boutinardière est connu pour son marché de poisson frais tous les mercredi matin'),
(4, 21, 47.1234, -2.09, 'L\'étang de Pornic est le lieu parfait pour une après-midi pêche'),
(7, 21, 47.1179, -2.1095, 'Spécialisédans la faïence, cette boutique vous proposera de super objets souvenirs'),
(11, 21, 47.1133, -2.15911, 'Il est possible de jouer un Jet-ski ici'),
(12, 21, 47.1125, -2.15388, 'Il est possible de faire du ski nautique ici'),
(14, 22, 47.6809, -0.0505918, 'Le célèbre parc zoologique de la Flèche ! Le lieu à ne pas manquer '),
(10, 22, 47.6989, -0.0771564, 'Le restaurant la Laurène, spécialités locales uniquement.'),
(4, 22, 47.6999, -0.0442403, 'Point de vue sur les étangs de la Flèche.'),
(18, 22, 47.7027, -0.0334257, 'Randonnée des 3 étangs de la Flèche. 6 km. '),
(27, 22, 47.6902, -0.0725215, 'Eglise catholique de la période médiévale. St Jacques y est représenté.'),
(7, 22, 47.7045, -0.0921338, 'La boutique de Marjorie. Sculpture locale et dessin artistique pour des souvenirs uniques'),
(6, 22, 47.7138, -0.0735944, 'Parc de Bethete, spécialisé dans les iris'),
(10, 22, 47.6965, -0.12269, 'Restaurant La pause Café, Routier 1 étoile Michelin'),
(26, 19, 46.6693, -1.42538, 'Domaine privé autorisé à la visite. Château du 16ième siècle.'),
(10, 19, 46.6495, -1.43761, 'Restaurant la Duchesne de Denant, spécialité locale à base de fromage'),
(1, 19, 46.6967, -1.37607, 'Aérodrome de La Roche sur Yon, possibilité de faire un trajet en biplace selon le temps'),
(9, 19, 46.668, -1.45306, 'Musée d\'art contemporain, œuvres de Pati Pastoré exposés pour la première fois. '),
(28, 19, 46.6661, -1.40697, 'Bar à café célèbre pour ses 500 cafés différents et de toutes origines'),
(4, 19, 46.7034, -1.41204, 'Panorama du lac du lézard, l\'endroit parfait pour se reposer au soleil'),
(4, 19, 46.7187, -1.46259, 'Vous pourrez visiter le cachot de Val de térinsse, le terrible pilleur'),
(26, 20, 47.257, -0.072295, 'Le château de Saumur et sa place classé au patrimoine mondial'),
(10, 20, 47.2589, -0.0755136, 'Le bistrot de la place, juste en face de la gare, est l\'alliance de la cuisine rapide mais quand même gastronomique'),
(23, 20, 47.2724, -0.0727241, 'Chez Bertrand, c\'est de père en fils qu\'on est caviste, vigneron et passionné.'),
(5, 20, 47.2795, -0.062167, 'Le cinéma du Grand Palace est le lieu parfait pour prendre une petite pause en dehors de tout'),
(3, 20, 47.2426, -0.0723379, 'Un bâtiment qui a résisté non seulement à la guerre, mais aussi à l\'usure du temps. C\'est aujourd\'hui un musée des blindés.'),
(16, 20, 47.2751, -0.127098, 'Un gold de 18 trous, il faudra bien la journée pour en venir à bout ! On vous conseille aussi le restaurant sur les bords du terrain'),
(14, 20, 47.2635, -0.137269, 'La visite du cadre noir, école nationale d\'équitation, est un incontournable de Saumur. Réjouira les petits et les grands'),
(18, 20, 47.2665, -0.0356024, 'La visite de Villerbernier et ses cépages sont indispensable à tout amateur de vin (et confirmé)'),
(10, 20, 47.2714, -0.054056, 'La Métairie, le restaurant spécialisé dans les produits de la mer et qui vous veut du bien'),
(25, 20, 47.2347, -0.10873, 'La location de vélo pour faire le tour de la ville et de ses alentours se fait ici ! Electrique ou manuel, il y en a pour tous'),
(9999, 9999, 48.5621, -0.5412, 'Une superbe activité'),
(9999, 9999, 48.5621, -0.5412, 'Une superbe activité'),
(9999, 9999, 48.5621, -0.5412, 'Une superbe activité');

-- --------------------------------------------------------

--
-- Structure de la table `agences`
--

DROP TABLE IF EXISTS `agences`;
CREATE TABLE IF NOT EXISTS `agences` (
  `idAgence` int(11) NOT NULL AUTO_INCREMENT,
  `adresse` varchar(255) NOT NULL,
  `idVille` int(11) DEFAULT NULL,
  PRIMARY KEY (`idAgence`)
) ENGINE=MyISAM AUTO_INCREMENT=5 DEFAULT CHARSET=latin1;

--
-- Déchargement des données de la table `agences`
--

INSERT INTO `agences` (`idAgence`, `adresse`, `idVille`) VALUES
(1, '1 rue anjela duval', NULL),
(2, '1 rue caponière', NULL),
(3, '1 rue saint-georges', NULL),
(4, '1 rue lamartine', NULL);

-- --------------------------------------------------------

--
-- Structure de la table `allowed_ips`
--

DROP TABLE IF EXISTS `allowed_ips`;
CREATE TABLE IF NOT EXISTS `allowed_ips` (
  `idUtilisateur` int(11) NOT NULL,
  `ip` varchar(20) NOT NULL,
  PRIMARY KEY (`ip`,`idUtilisateur`)
) ENGINE=MyISAM DEFAULT CHARSET=utf8;

--
-- Déchargement des données de la table `allowed_ips`
--

INSERT INTO `allowed_ips` (`idUtilisateur`, `ip`) VALUES
(1, '91.161.232.11');

-- --------------------------------------------------------

--
-- Structure de la table `avis`
--

DROP TABLE IF EXISTS `avis`;
CREATE TABLE IF NOT EXISTS `avis` (
  `idAvis` int(11) NOT NULL AUTO_INCREMENT,
  `date` date NOT NULL,
  `note` int(2) NOT NULL,
  `commentaire` text,
  `idUtilisateur` int(11) NOT NULL,
  `idHebergement` int(11) NOT NULL,
  PRIMARY KEY (`idAvis`)
) ENGINE=MyISAM AUTO_INCREMENT=482 DEFAULT CHARSET=latin1;

--
-- Déchargement des données de la table `avis`
--

INSERT INTO `avis` (`idAvis`, `date`, `note`, `commentaire`, `idUtilisateur`, `idHebergement`) VALUES
(1, '2020-09-28', 5, 'Très bon rapport qualité prix pour le quartier. Cadre du bar du rez de chaussée très raffiné et calme.', 4, 22),
(2, '2020-10-03', 4, 'Un hôtel bien situé. Une disponibilité du personnel et surtout un professionnalisme hors du commun. Je vous le conseille vivement.', 4, 2),
(3, '2020-10-08', 5, 'Chambre très confortable et spacieuse, décoration chaleureuse, calme. Situation idéale pour tout faire à pied. Personnel accueillant.', 4, 25),
(4, '2020-10-13', 3, 'Très bon rapport qualité prix. Les rapports chaleureux entre clients habitués et personnel demontrent la qualité de l\'accueil. Le pain frais et les viennoiseries sont delicieux.', 4, 23),
(5, '2020-10-18', 4, 'Excellent rapport qualité /prix ! Accueil chaleureux avec un personnel aux petits soins, chambre très propre, fenêtres bien isolées. Tout est fait pour que votre séjour se passe le mieux possible.', 4, 25),
(6, '2021-10-14', 3, 'Très bon rapport qualité prix pour le quartier. Cadre du bar du rez de chaussée très raffiné et calme.', 4, 2),
(7, '2021-10-19', 5, 'L\'hébergement a été refaite à neuf et n\'a rien à envier aux hôtels les plus modernes de la région, avec en prime la compagnie chaleureuse de Catherine.', 4, 18),
(8, '2021-10-24', 5, 'L\'hébergement a été refaite à neuf et n\'a rien à envier aux hôtels les plus modernes de la région, avec en prime la compagnie chaleureuse de Catherine.', 4, 8),
(9, '2021-10-29', 4, 'Les photos m\'avaient séduit. En vrai c\'est pareil. Mais en mieux. Endroit assez fou. Résidence à l\'architecture particulière. Calme olympien. Coupé du monde. Une vrai réflexion a été mené pour rendre chaque parcelle intime.', 4, 25),
(10, '2021-11-03', 5, 'Excellent rapport qualité /prix ! Accueil chaleureux avec un personnel aux petits soins, chambre très propre, fenêtres bien isolées. Tout est fait pour que votre séjour se passe le mieux possible.', 4, 23),
(11, '2019-03-18', 4, 'Super rapport qualité prix et très pratique pour moi par rapport à mon lieu de travail.', 4, 25),
(12, '2019-03-23', 4, 'Pour qui souhaite visiter et s\'imprégner du calme et de la sérénité de cette province, cet hébergement propose bien plus qu\'un logement, un vrai concept.', 4, 26),
(13, '2019-03-28', 5, 'Très bon rapport qualité prix pour le quartier. Cadre du bar du rez de chaussée très raffiné et calme.', 4, 2),
(14, '2019-04-02', 3, 'Super rapport qualité prix et très pratique pour moi par rapport à mon lieu de travail.', 4, 6),
(15, '2019-04-07', 5, 'Les photos m\'avaient séduit. En vrai c\'est pareil. Mais en mieux. Endroit assez fou. Résidence à l\'architecture particulière. Calme olympien. Coupé du monde. Une vrai réflexion a été mené pour rendre chaque parcelle intime.', 4, 1),
(16, '2019-05-10', 4, 'Les photos m\'avaient séduit. En vrai c\'est pareil. Mais en mieux. Endroit assez fou. Résidence à l\'architecture particulière. Calme olympien. Coupé du monde. Une vrai réflexion a été mené pour rendre chaque parcelle intime.', 4, 5),
(17, '2019-05-15', 4, 'Superbe lieu, accueil très agréable, l\'équipe était disponible et au petit soin. Nous avons vraiment apprécié et passé un magnifique moment. Nous reviendrons c\'est certain !', 4, 25),
(18, '2019-05-20', 3, 'Un hôtel bien situé. Une disponibilité du personnel et surtout un professionnalisme hors du commun. Je vous le conseille vivement.', 4, 5),
(19, '2019-05-25', 4, 'Excellent rapport qualité /prix ! Accueil chaleureux avec un personnel aux petits soins, chambre très propre, fenêtres bien isolées. Tout est fait pour que votre séjour se passe le mieux possible.', 4, 6),
(20, '2019-05-30', 5, 'Super rapport qualité prix et très pratique pour moi par rapport à mon lieu de travail.', 4, 8),
(21, '2021-09-20', 3, 'Un hôtel bien situé. Une disponibilité du personnel et surtout un professionnalisme hors du commun. Je vous le conseille vivement.', 4, 9),
(22, '2021-09-25', 5, 'Superbe lieu, accueil très agréable, l\'équipe était disponible et au petit soin. Nous avons vraiment apprécié et passé un magnifique moment. Nous reviendrons c\'est certain !', 4, 25),
(23, '2021-09-30', 4, 'Les photos m\'avaient séduit. En vrai c\'est pareil. Mais en mieux. Endroit assez fou. Résidence à l\'architecture particulière. Calme olympien. Coupé du monde. Une vrai réflexion a été mené pour rendre chaque parcelle intime.', 4, 22),
(24, '2021-10-05', 4, 'Les photos m\'avaient séduit. En vrai c\'est pareil. Mais en mieux. Endroit assez fou. Résidence à l\'architecture particulière. Calme olympien. Coupé du monde. Une vrai réflexion a été mené pour rendre chaque parcelle intime.', 4, 15),
(25, '2021-10-10', 5, 'Super rapport qualité prix et très pratique pour moi par rapport à mon lieu de travail.', 4, 12),
(26, '2021-06-02', 3, 'Excellent rapport qualité /prix ! Accueil chaleureux avec un personnel aux petits soins, chambre très propre, fenêtres bien isolées. Tout est fait pour que votre séjour se passe le mieux possible.', 4, 7),
(27, '2021-06-05', 4, 'Très bon rapport qualité prix pour le quartier. Cadre du bar du rez de chaussée très raffiné et calme.', 4, 16),
(28, '2021-06-08', 4, 'Superbe lieu, accueil très agréable, l\'équipe était disponible et au petit soin. Nous avons vraiment apprécié et passé un magnifique moment. Nous reviendrons c\'est certain !', 4, 10),
(29, '2021-06-11', 3, 'Pour qui souhaite visiter et s\'imprégner du calme et de la sérénité de cette province, cet hébergement propose bien plus qu\'un logement, un vrai concept.', 4, 13),
(30, '2021-06-14', 3, 'Superbe lieu, accueil très agréable, l\'équipe était disponible et au petit soin. Nous avons vraiment apprécié et passé un magnifique moment. Nous reviendrons c\'est certain !', 4, 23),
(31, '2021-08-31', 4, 'L\'hébergement a été refaite à neuf et n\'a rien à envier aux hôtels les plus modernes de la région, avec en prime la compagnie chaleureuse de Catherine.', 4, 5),
(32, '2021-09-03', 4, 'L\'hébergement a été refaite à neuf et n\'a rien à envier aux hôtels les plus modernes de la région, avec en prime la compagnie chaleureuse de Catherine.', 4, 5),
(33, '2021-09-06', 3, 'Les photos m\'avaient séduit. En vrai c\'est pareil. Mais en mieux. Endroit assez fou. Résidence à l\'architecture particulière. Calme olympien. Coupé du monde. Une vrai réflexion a été mené pour rendre chaque parcelle intime.', 4, 11),
(34, '2021-09-09', 4, 'Très bon rapport qualité prix. Les rapports chaleureux entre clients habitués et personnel demontrent la qualité de l\'accueil. Le pain frais et les viennoiseries sont delicieux.', 4, 5),
(35, '2021-09-12', 3, 'Chambre très confortable et spacieuse, décoration chaleureuse, calme. Situation idéale pour tout faire à pied. Personnel accueillant.', 4, 19),
(36, '2021-11-13', 5, 'Super rapport qualité prix et très pratique pour moi par rapport à mon lieu de travail.', 4, 12),
(37, '2021-11-16', 3, 'Super rapport qualité prix et très pratique pour moi par rapport à mon lieu de travail.', 4, 6),
(38, '2021-11-19', 3, 'L\'hébergement a été refaite à neuf et n\'a rien à envier aux hôtels les plus modernes de la région, avec en prime la compagnie chaleureuse de Catherine.', 4, 1),
(39, '2021-11-22', 3, 'Très bon rapport qualité prix pour le quartier. Cadre du bar du rez de chaussée très raffiné et calme.', 4, 8),
(40, '2021-11-25', 5, 'Excellent rapport qualité /prix ! Accueil chaleureux avec un personnel aux petits soins, chambre très propre, fenêtres bien isolées. Tout est fait pour que votre séjour se passe le mieux possible.', 4, 5),
(41, '2021-08-21', 3, 'Superbe lieu, accueil très agréable, l\'équipe était disponible et au petit soin. Nous avons vraiment apprécié et passé un magnifique moment. Nous reviendrons c\'est certain !', 4, 7),
(42, '2021-08-24', 3, 'Les photos m\'avaient séduit. En vrai c\'est pareil. Mais en mieux. Endroit assez fou. Résidence à l\'architecture particulière. Calme olympien. Coupé du monde. Une vrai réflexion a été mené pour rendre chaque parcelle intime.', 4, 9),
(43, '2021-08-27', 3, 'Super rapport qualité prix et très pratique pour moi par rapport à mon lieu de travail.', 4, 2),
(44, '2021-08-30', 3, 'Excellent rapport qualité /prix ! Accueil chaleureux avec un personnel aux petits soins, chambre très propre, fenêtres bien isolées. Tout est fait pour que votre séjour se passe le mieux possible.', 4, 8),
(45, '2021-09-02', 5, 'L\'hébergement a été refaite à neuf et n\'a rien à envier aux hôtels les plus modernes de la région, avec en prime la compagnie chaleureuse de Catherine.', 4, 24),
(46, '2022-03-02', 5, 'Excellent rapport qualité /prix ! Accueil chaleureux avec un personnel aux petits soins, chambre très propre, fenêtres bien isolées. Tout est fait pour que votre séjour se passe le mieux possible.', 4, 25),
(47, '2022-03-05', 4, 'Excellent rapport qualité /prix ! Accueil chaleureux avec un personnel aux petits soins, chambre très propre, fenêtres bien isolées. Tout est fait pour que votre séjour se passe le mieux possible.', 4, 2),
(48, '2022-03-08', 4, 'Les photos m\'avaient séduit. En vrai c\'est pareil. Mais en mieux. Endroit assez fou. Résidence à l\'architecture particulière. Calme olympien. Coupé du monde. Une vrai réflexion a été mené pour rendre chaque parcelle intime.', 4, 26),
(49, '2022-03-11', 4, 'Chambre très confortable et spacieuse, décoration chaleureuse, calme. Situation idéale pour tout faire à pied. Personnel accueillant.', 4, 15),
(50, '2022-03-14', 3, 'Très bon rapport qualité prix pour le quartier. Cadre du bar du rez de chaussée très raffiné et calme.', 4, 24),
(51, '2021-05-12', 3, 'Très bon rapport qualité prix. Les rapports chaleureux entre clients habitués et personnel demontrent la qualité de l\'accueil. Le pain frais et les viennoiseries sont delicieux.', 4, 23),
(52, '2021-05-15', 4, 'Un hôtel bien situé. Une disponibilité du personnel et surtout un professionnalisme hors du commun. Je vous le conseille vivement.', 4, 15),
(53, '2021-05-18', 4, 'Un hôtel bien situé. Une disponibilité du personnel et surtout un professionnalisme hors du commun. Je vous le conseille vivement.', 4, 2),
(54, '2021-05-21', 3, 'Excellent rapport qualité /prix ! Accueil chaleureux avec un personnel aux petits soins, chambre très propre, fenêtres bien isolées. Tout est fait pour que votre séjour se passe le mieux possible.', 4, 18),
(55, '2021-05-24', 5, 'Très bon rapport qualité prix pour le quartier. Cadre du bar du rez de chaussée très raffiné et calme.', 4, 10),
(56, '2021-04-01', 5, 'Chambre très confortable et spacieuse, décoration chaleureuse, calme. Situation idéale pour tout faire à pied. Personnel accueillant.', 4, 7),
(57, '2021-04-03', 4, 'Très bon rapport qualité prix pour le quartier. Cadre du bar du rez de chaussée très raffiné et calme.', 4, 12),
(58, '2021-04-05', 3, 'Très bon rapport qualité prix pour le quartier. Cadre du bar du rez de chaussée très raffiné et calme.', 4, 17),
(59, '2021-04-07', 5, 'L\'hébergement a été refaite à neuf et n\'a rien à envier aux hôtels les plus modernes de la région, avec en prime la compagnie chaleureuse de Catherine.', 4, 15),
(60, '2021-04-09', 5, 'L\'hébergement a été refaite à neuf et n\'a rien à envier aux hôtels les plus modernes de la région, avec en prime la compagnie chaleureuse de Catherine.', 4, 10),
(61, '2021-10-05', 3, 'Excellent rapport qualité /prix ! Accueil chaleureux avec un personnel aux petits soins, chambre très propre, fenêtres bien isolées. Tout est fait pour que votre séjour se passe le mieux possible.', 4, 10),
(62, '2021-10-07', 4, 'Excellent rapport qualité /prix ! Accueil chaleureux avec un personnel aux petits soins, chambre très propre, fenêtres bien isolées. Tout est fait pour que votre séjour se passe le mieux possible.', 4, 18),
(63, '2021-10-09', 5, 'Un hôtel bien situé. Une disponibilité du personnel et surtout un professionnalisme hors du commun. Je vous le conseille vivement.', 4, 2),
(64, '2021-10-11', 4, 'L\'hébergement a été refaite à neuf et n\'a rien à envier aux hôtels les plus modernes de la région, avec en prime la compagnie chaleureuse de Catherine.', 4, 3),
(65, '2021-10-13', 4, 'Très bon rapport qualité prix pour le quartier. Cadre du bar du rez de chaussée très raffiné et calme.', 4, 25),
(66, '2022-02-05', 4, 'Excellent rapport qualité /prix ! Accueil chaleureux avec un personnel aux petits soins, chambre très propre, fenêtres bien isolées. Tout est fait pour que votre séjour se passe le mieux possible.', 4, 11),
(67, '2022-02-07', 3, 'Chambre très confortable et spacieuse, décoration chaleureuse, calme. Situation idéale pour tout faire à pied. Personnel accueillant.', 4, 19),
(68, '2022-02-09', 5, 'Excellent rapport qualité /prix ! Accueil chaleureux avec un personnel aux petits soins, chambre très propre, fenêtres bien isolées. Tout est fait pour que votre séjour se passe le mieux possible.', 4, 24),
(69, '2022-02-11', 5, 'Super rapport qualité prix et très pratique pour moi par rapport à mon lieu de travail.', 4, 15),
(70, '2022-02-13', 5, 'L\'hébergement a été refaite à neuf et n\'a rien à envier aux hôtels les plus modernes de la région, avec en prime la compagnie chaleureuse de Catherine.', 4, 16),
(71, '2021-07-13', 3, 'Très bon rapport qualité prix pour le quartier. Cadre du bar du rez de chaussée très raffiné et calme.', 4, 26),
(72, '2021-07-15', 3, 'Pour qui souhaite visiter et s\'imprégner du calme et de la sérénité de cette province, cet hébergement propose bien plus qu\'un logement, un vrai concept.', 4, 14),
(73, '2021-07-17', 3, 'Chambre très confortable et spacieuse, décoration chaleureuse, calme. Situation idéale pour tout faire à pied. Personnel accueillant.', 4, 14),
(74, '2021-07-19', 4, 'Très bon rapport qualité prix. Les rapports chaleureux entre clients habitués et personnel demontrent la qualité de l\'accueil. Le pain frais et les viennoiseries sont delicieux.', 4, 14),
(75, '2021-07-21', 3, 'L\'hébergement a été refaite à neuf et n\'a rien à envier aux hôtels les plus modernes de la région, avec en prime la compagnie chaleureuse de Catherine.', 4, 21),
(76, '2021-01-05', 3, 'Chambre très confortable et spacieuse, décoration chaleureuse, calme. Situation idéale pour tout faire à pied. Personnel accueillant.', 4, 15),
(77, '2021-01-07', 3, 'Un hôtel bien situé. Une disponibilité du personnel et surtout un professionnalisme hors du commun. Je vous le conseille vivement.', 4, 24),
(78, '2021-01-09', 4, 'Très bon rapport qualité prix. Les rapports chaleureux entre clients habitués et personnel demontrent la qualité de l\'accueil. Le pain frais et les viennoiseries sont delicieux.', 4, 16),
(79, '2021-01-11', 3, 'Un hôtel bien situé. Une disponibilité du personnel et surtout un professionnalisme hors du commun. Je vous le conseille vivement.', 4, 6),
(80, '2021-01-13', 5, 'L\'hébergement a été refaite à neuf et n\'a rien à envier aux hôtels les plus modernes de la région, avec en prime la compagnie chaleureuse de Catherine.', 4, 10),
(81, '2021-01-03', 5, 'L\'hébergement a été refaite à neuf et n\'a rien à envier aux hôtels les plus modernes de la région, avec en prime la compagnie chaleureuse de Catherine.', 4, 25),
(82, '2021-01-05', 4, 'Excellent rapport qualité /prix ! Accueil chaleureux avec un personnel aux petits soins, chambre très propre, fenêtres bien isolées. Tout est fait pour que votre séjour se passe le mieux possible.', 4, 9),
(83, '2021-01-07', 5, 'Un hôtel bien situé. Une disponibilité du personnel et surtout un professionnalisme hors du commun. Je vous le conseille vivement.', 4, 19),
(84, '2021-01-09', 5, 'Les photos m\'avaient séduit. En vrai c\'est pareil. Mais en mieux. Endroit assez fou. Résidence à l\'architecture particulière. Calme olympien. Coupé du monde. Une vrai réflexion a été mené pour rendre chaque parcelle intime.', 4, 16),
(85, '2021-01-11', 3, 'Super rapport qualité prix et très pratique pour moi par rapport à mon lieu de travail.', 4, 19),
(87, '2021-10-04', 4, 'Les photos m\'avaient séduit. En vrai c\'est pareil. Mais en mieux. Endroit assez fou. Résidence à l\'architecture particulière. Calme olympien. Coupé du monde. Une vrai réflexion a été mené pour rendre chaque parcelle intime.', 4, 25),
(88, '2021-10-06', 5, 'Super rapport qualité prix et très pratique pour moi par rapport à mon lieu de travail.', 4, 24),
(89, '2021-10-08', 3, 'Superbe lieu, accueil très agréable, l\'équipe était disponible et au petit soin. Nous avons vraiment apprécié et passé un magnifique moment. Nous reviendrons c\'est certain !', 4, 24),
(90, '2021-10-10', 3, 'Les photos m\'avaient séduit. En vrai c\'est pareil. Mais en mieux. Endroit assez fou. Résidence à l\'architecture particulière. Calme olympien. Coupé du monde. Une vrai réflexion a été mené pour rendre chaque parcelle intime.', 4, 6),
(91, '2021-03-14', 4, 'Excellent rapport qualité /prix ! Accueil chaleureux avec un personnel aux petits soins, chambre très propre, fenêtres bien isolées. Tout est fait pour que votre séjour se passe le mieux possible.', 4, 9),
(92, '2021-03-16', 4, 'Très bon rapport qualité prix. Les rapports chaleureux entre clients habitués et personnel demontrent la qualité de l\'accueil. Le pain frais et les viennoiseries sont delicieux.', 4, 8),
(93, '2021-03-18', 5, 'L\'hébergement a été refaite à neuf et n\'a rien à envier aux hôtels les plus modernes de la région, avec en prime la compagnie chaleureuse de Catherine.', 4, 24),
(94, '2021-03-20', 3, 'L\'hébergement a été refaite à neuf et n\'a rien à envier aux hôtels les plus modernes de la région, avec en prime la compagnie chaleureuse de Catherine.', 4, 7),
(95, '2021-03-22', 3, 'Très bon rapport qualité prix. Les rapports chaleureux entre clients habitués et personnel demontrent la qualité de l\'accueil. Le pain frais et les viennoiseries sont delicieux.', 4, 7),
(96, '2022-04-03', 3, 'L\'hébergement a été refaite à neuf et n\'a rien à envier aux hôtels les plus modernes de la région, avec en prime la compagnie chaleureuse de Catherine.', 4, 2),
(97, '2022-01-24', 3, 'Excellent rapport qualité /prix ! Accueil chaleureux avec un personnel aux petits soins, chambre très propre, fenêtres bien isolées. Tout est fait pour que votre séjour se passe le mieux possible.', 4, 6),
(98, '2022-01-25', 4, 'Super rapport qualité prix et très pratique pour moi par rapport à mon lieu de travail.', 4, 26),
(99, '2022-01-26', 5, 'Chambre très confortable et spacieuse, décoration chaleureuse, calme. Situation idéale pour tout faire à pied. Personnel accueillant.', 4, 3),
(100, '2022-01-27', 4, 'Superbe lieu, accueil très agréable, l\'équipe était disponible et au petit soin. Nous avons vraiment apprécié et passé un magnifique moment. Nous reviendrons c\'est certain !', 4, 6),
(101, '2022-01-28', 4, 'L\'hébergement a été refaite à neuf et n\'a rien à envier aux hôtels les plus modernes de la région, avec en prime la compagnie chaleureuse de Catherine.', 4, 25),
(102, '2021-04-28', 3, 'Superbe lieu, accueil très agréable, l\'équipe était disponible et au petit soin. Nous avons vraiment apprécié et passé un magnifique moment. Nous reviendrons c\'est certain !', 4, 11),
(103, '2021-04-29', 3, 'Les photos m\'avaient séduit. En vrai c\'est pareil. Mais en mieux. Endroit assez fou. Résidence à l\'architecture particulière. Calme olympien. Coupé du monde. Une vrai réflexion a été mené pour rendre chaque parcelle intime.', 4, 10),
(104, '2021-04-30', 4, 'Superbe lieu, accueil très agréable, l\'équipe était disponible et au petit soin. Nous avons vraiment apprécié et passé un magnifique moment. Nous reviendrons c\'est certain !', 4, 16),
(105, '2021-05-01', 4, 'Les photos m\'avaient séduit. En vrai c\'est pareil. Mais en mieux. Endroit assez fou. Résidence à l\'architecture particulière. Calme olympien. Coupé du monde. Une vrai réflexion a été mené pour rendre chaque parcelle intime.', 4, 8),
(106, '2021-05-02', 5, 'Chambre très confortable et spacieuse, décoration chaleureuse, calme. Situation idéale pour tout faire à pied. Personnel accueillant.', 4, 1),
(107, '2021-09-20', 4, 'Très bon rapport qualité prix. Les rapports chaleureux entre clients habitués et personnel demontrent la qualité de l\'accueil. Le pain frais et les viennoiseries sont delicieux.', 4, 10),
(108, '2021-09-21', 4, 'Très bon rapport qualité prix. Les rapports chaleureux entre clients habitués et personnel demontrent la qualité de l\'accueil. Le pain frais et les viennoiseries sont delicieux.', 4, 25),
(109, '2021-09-22', 5, 'Très bon rapport qualité prix pour le quartier. Cadre du bar du rez de chaussée très raffiné et calme.', 4, 26),
(110, '2021-09-23', 5, 'Pour qui souhaite visiter et s\'imprégner du calme et de la sérénité de cette province, cet hébergement propose bien plus qu\'un logement, un vrai concept.', 4, 12),
(111, '2021-09-24', 5, 'Un hôtel bien situé. Une disponibilité du personnel et surtout un professionnalisme hors du commun. Je vous le conseille vivement.', 4, 5),
(112, '2021-07-29', 4, 'Un hôtel bien situé. Une disponibilité du personnel et surtout un professionnalisme hors du commun. Je vous le conseille vivement.', 4, 6),
(113, '2021-07-30', 3, 'Un hôtel bien situé. Une disponibilité du personnel et surtout un professionnalisme hors du commun. Je vous le conseille vivement.', 4, 10),
(114, '2021-07-31', 3, 'Pour qui souhaite visiter et s\'imprégner du calme et de la sérénité de cette province, cet hébergement propose bien plus qu\'un logement, un vrai concept.', 4, 26),
(115, '2021-08-01', 5, 'Très bon rapport qualité prix pour le quartier. Cadre du bar du rez de chaussée très raffiné et calme.', 4, 15),
(116, '2021-08-02', 3, 'Super rapport qualité prix et très pratique pour moi par rapport à mon lieu de travail.', 4, 11),
(117, '2022-03-27', 4, 'Les photos m\'avaient séduit. En vrai c\'est pareil. Mais en mieux. Endroit assez fou. Résidence à l\'architecture particulière. Calme olympien. Coupé du monde. Une vrai réflexion a été mené pour rendre chaque parcelle intime.', 4, 7),
(118, '2022-03-28', 5, 'Les photos m\'avaient séduit. En vrai c\'est pareil. Mais en mieux. Endroit assez fou. Résidence à l\'architecture particulière. Calme olympien. Coupé du monde. Une vrai réflexion a été mené pour rendre chaque parcelle intime.', 4, 8),
(119, '2022-03-29', 3, 'Chambre très confortable et spacieuse, décoration chaleureuse, calme. Situation idéale pour tout faire à pied. Personnel accueillant.', 4, 2),
(120, '2022-03-30', 4, 'Chambre très confortable et spacieuse, décoration chaleureuse, calme. Situation idéale pour tout faire à pied. Personnel accueillant.', 4, 11),
(121, '2022-03-31', 5, 'Très bon rapport qualité prix pour le quartier. Cadre du bar du rez de chaussée très raffiné et calme.', 4, 10),
(122, '2021-07-04', 3, 'Pour qui souhaite visiter et s\'imprégner du calme et de la sérénité de cette province, cet hébergement propose bien plus qu\'un logement, un vrai concept.', 4, 15),
(123, '2021-07-05', 4, 'Chambre très confortable et spacieuse, décoration chaleureuse, calme. Situation idéale pour tout faire à pied. Personnel accueillant.', 4, 26),
(124, '2021-07-06', 5, 'Très bon rapport qualité prix pour le quartier. Cadre du bar du rez de chaussée très raffiné et calme.', 4, 17),
(125, '2021-07-07', 5, 'Superbe lieu, accueil très agréable, l\'équipe était disponible et au petit soin. Nous avons vraiment apprécié et passé un magnifique moment. Nous reviendrons c\'est certain !', 4, 9),
(126, '2021-07-08', 3, 'Chambre très confortable et spacieuse, décoration chaleureuse, calme. Situation idéale pour tout faire à pied. Personnel accueillant.', 4, 22),
(127, '2021-01-21', 3, 'Très bon rapport qualité prix. Les rapports chaleureux entre clients habitués et personnel demontrent la qualité de l\'accueil. Le pain frais et les viennoiseries sont delicieux.', 4, 7),
(128, '2021-01-22', 3, 'L\'hébergement a été refaite à neuf et n\'a rien à envier aux hôtels les plus modernes de la région, avec en prime la compagnie chaleureuse de Catherine.', 4, 25),
(129, '2021-01-23', 3, 'Pour qui souhaite visiter et s\'imprégner du calme et de la sérénité de cette province, cet hébergement propose bien plus qu\'un logement, un vrai concept.', 4, 8),
(130, '2021-01-24', 4, 'Excellent rapport qualité /prix ! Accueil chaleureux avec un personnel aux petits soins, chambre très propre, fenêtres bien isolées. Tout est fait pour que votre séjour se passe le mieux possible.', 4, 21),
(131, '2021-01-25', 3, 'Très bon rapport qualité prix pour le quartier. Cadre du bar du rez de chaussée très raffiné et calme.', 4, 15),
(132, '2021-09-30', 4, 'Un hôtel bien situé. Une disponibilité du personnel et surtout un professionnalisme hors du commun. Je vous le conseille vivement.', 4, 10),
(133, '2021-10-01', 4, 'Super rapport qualité prix et très pratique pour moi par rapport à mon lieu de travail.', 4, 9),
(134, '2021-10-02', 5, 'Chambre très confortable et spacieuse, décoration chaleureuse, calme. Situation idéale pour tout faire à pied. Personnel accueillant.', 4, 17),
(135, '2021-10-03', 3, 'Super rapport qualité prix et très pratique pour moi par rapport à mon lieu de travail.', 4, 21),
(142, '2020-10-19', 3, 'Très bon rapport qualité prix pour le quartier. Cadre du bar du rez de chaussée très raffiné et calme.', 5, 26),
(143, '2020-10-24', 5, 'Excellent rapport qualité /prix ! Accueil chaleureux avec un personnel aux petits soins, chambre très propre, fenêtres bien isolées. Tout est fait pour que votre séjour se passe le mieux possible.', 5, 1),
(144, '2020-10-29', 4, 'Un hôtel bien situé. Une disponibilité du personnel et surtout un professionnalisme hors du commun. Je vous le conseille vivement.', 5, 15),
(145, '2020-11-03', 5, 'Excellent rapport qualité /prix ! Accueil chaleureux avec un personnel aux petits soins, chambre très propre, fenêtres bien isolées. Tout est fait pour que votre séjour se passe le mieux possible.', 5, 11),
(146, '2020-11-08', 4, 'Super rapport qualité prix et très pratique pour moi par rapport à mon lieu de travail.', 5, 11),
(147, '2019-08-25', 4, 'Chambre très confortable et spacieuse, décoration chaleureuse, calme. Situation idéale pour tout faire à pied. Personnel accueillant.', 5, 9),
(148, '2019-08-30', 5, 'Chambre très confortable et spacieuse, décoration chaleureuse, calme. Situation idéale pour tout faire à pied. Personnel accueillant.', 5, 23),
(149, '2019-09-04', 3, 'Les photos m\'avaient séduit. En vrai c\'est pareil. Mais en mieux. Endroit assez fou. Résidence à l\'architecture particulière. Calme olympien. Coupé du monde. Une vrai réflexion a été mené pour rendre chaque parcelle intime.', 5, 13),
(150, '2019-09-09', 5, 'Chambre très confortable et spacieuse, décoration chaleureuse, calme. Situation idéale pour tout faire à pied. Personnel accueillant.', 5, 13),
(151, '2019-09-14', 5, 'Excellent rapport qualité /prix ! Accueil chaleureux avec un personnel aux petits soins, chambre très propre, fenêtres bien isolées. Tout est fait pour que votre séjour se passe le mieux possible.', 5, 24),
(152, '2020-02-28', 5, 'Pour qui souhaite visiter et s\'imprégner du calme et de la sérénité de cette province, cet hébergement propose bien plus qu\'un logement, un vrai concept.', 5, 24),
(153, '2020-03-04', 3, 'L\'hébergement a été refaite à neuf et n\'a rien à envier aux hôtels les plus modernes de la région, avec en prime la compagnie chaleureuse de Catherine.', 5, 2),
(154, '2020-03-09', 4, 'Super rapport qualité prix et très pratique pour moi par rapport à mon lieu de travail.', 5, 6),
(155, '2020-03-14', 5, 'L\'hébergement a été refaite à neuf et n\'a rien à envier aux hôtels les plus modernes de la région, avec en prime la compagnie chaleureuse de Catherine.', 5, 19),
(156, '2020-03-19', 5, 'Pour qui souhaite visiter et s\'imprégner du calme et de la sérénité de cette province, cet hébergement propose bien plus qu\'un logement, un vrai concept.', 5, 1),
(157, '2021-08-03', 3, 'Superbe lieu, accueil très agréable, l\'équipe était disponible et au petit soin. Nous avons vraiment apprécié et passé un magnifique moment. Nous reviendrons c\'est certain !', 5, 15),
(158, '2021-08-08', 3, 'Très bon rapport qualité prix. Les rapports chaleureux entre clients habitués et personnel demontrent la qualité de l\'accueil. Le pain frais et les viennoiseries sont delicieux.', 5, 26),
(159, '2021-08-13', 4, 'Excellent rapport qualité /prix ! Accueil chaleureux avec un personnel aux petits soins, chambre très propre, fenêtres bien isolées. Tout est fait pour que votre séjour se passe le mieux possible.', 5, 19),
(166, '2021-10-21', 4, 'Pour qui souhaite visiter et s\'imprégner du calme et de la sérénité de cette province, cet hébergement propose bien plus qu\'un logement, un vrai concept.', 5, 14),
(167, '2021-10-27', 3, 'Excellent rapport qualité /prix ! Accueil chaleureux avec un personnel aux petits soins, chambre très propre, fenêtres bien isolées. Tout est fait pour que votre séjour se passe le mieux possible.', 5, 26),
(168, '2021-10-30', 5, 'Pour qui souhaite visiter et s\'imprégner du calme et de la sérénité de cette province, cet hébergement propose bien plus qu\'un logement, un vrai concept.', 5, 12),
(169, '2021-10-17', 4, 'Superbe lieu, accueil très agréable, l\'équipe était disponible et au petit soin. Nous avons vraiment apprécié et passé un magnifique moment. Nous reviendrons c\'est certain !', 5, 10),
(170, '2021-10-20', 3, 'Un hôtel bien situé. Une disponibilité du personnel et surtout un professionnalisme hors du commun. Je vous le conseille vivement.', 5, 8),
(171, '2021-12-18', 4, 'Un hôtel bien situé. Une disponibilité du personnel et surtout un professionnalisme hors du commun. Je vous le conseille vivement.', 5, 13),
(172, '2021-12-21', 5, 'Un hôtel bien situé. Une disponibilité du personnel et surtout un professionnalisme hors du commun. Je vous le conseille vivement.', 5, 17),
(173, '2021-12-24', 5, 'Superbe lieu, accueil très agréable, l\'équipe était disponible et au petit soin. Nous avons vraiment apprécié et passé un magnifique moment. Nous reviendrons c\'est certain !', 5, 8),
(174, '2021-12-27', 4, 'Très bon rapport qualité prix. Les rapports chaleureux entre clients habitués et personnel demontrent la qualité de l\'accueil. Le pain frais et les viennoiseries sont delicieux.', 5, 25),
(175, '2021-12-30', 5, 'Superbe lieu, accueil très agréable, l\'équipe était disponible et au petit soin. Nous avons vraiment apprécié et passé un magnifique moment. Nous reviendrons c\'est certain !', 5, 3),
(176, '2021-07-26', 5, 'L\'hébergement a été refaite à neuf et n\'a rien à envier aux hôtels les plus modernes de la région, avec en prime la compagnie chaleureuse de Catherine.', 5, 12),
(177, '2021-08-04', 3, 'Excellent rapport qualité /prix ! Accueil chaleureux avec un personnel aux petits soins, chambre très propre, fenêtres bien isolées. Tout est fait pour que votre séjour se passe le mieux possible.', 5, 6),
(178, '2021-08-07', 4, 'Superbe lieu, accueil très agréable, l\'équipe était disponible et au petit soin. Nous avons vraiment apprécié et passé un magnifique moment. Nous reviendrons c\'est certain !', 5, 15),
(179, '2022-04-02', 3, 'Très bon rapport qualité prix pour le quartier. Cadre du bar du rez de chaussée très raffiné et calme.', 5, 5),
(180, '2021-03-10', 4, 'Très bon rapport qualité prix pour le quartier. Cadre du bar du rez de chaussée très raffiné et calme.', 5, 11),
(181, '2021-03-12', 5, 'Super rapport qualité prix et très pratique pour moi par rapport à mon lieu de travail.', 5, 20),
(182, '2021-06-29', 4, 'Les photos m\'avaient séduit. En vrai c\'est pareil. Mais en mieux. Endroit assez fou. Résidence à l\'architecture particulière. Calme olympien. Coupé du monde. Une vrai réflexion a été mené pour rendre chaque parcelle intime.', 5, 26),
(183, '2021-07-01', 5, 'Chambre très confortable et spacieuse, décoration chaleureuse, calme. Situation idéale pour tout faire à pied. Personnel accueillant.', 5, 19),
(184, '2021-07-03', 5, 'Chambre très confortable et spacieuse, décoration chaleureuse, calme. Situation idéale pour tout faire à pied. Personnel accueillant.', 5, 6),
(185, '2022-02-14', 3, 'Les photos m\'avaient séduit. En vrai c\'est pareil. Mais en mieux. Endroit assez fou. Résidence à l\'architecture particulière. Calme olympien. Coupé du monde. Une vrai réflexion a été mené pour rendre chaque parcelle intime.', 5, 24),
(186, '2022-02-16', 3, 'Pour qui souhaite visiter et s\'imprégner du calme et de la sérénité de cette province, cet hébergement propose bien plus qu\'un logement, un vrai concept.', 5, 3),
(187, '2022-02-18', 5, 'L\'hébergement a été refaite à neuf et n\'a rien à envier aux hôtels les plus modernes de la région, avec en prime la compagnie chaleureuse de Catherine.', 5, 3),
(188, '2022-02-20', 5, 'Un hôtel bien situé. Une disponibilité du personnel et surtout un professionnalisme hors du commun. Je vous le conseille vivement.', 5, 19),
(189, '2022-02-22', 5, 'L\'hébergement a été refaite à neuf et n\'a rien à envier aux hôtels les plus modernes de la région, avec en prime la compagnie chaleureuse de Catherine.', 5, 12),
(190, '2021-04-25', 5, 'Pour qui souhaite visiter et s\'imprégner du calme et de la sérénité de cette province, cet hébergement propose bien plus qu\'un logement, un vrai concept.', 5, 1),
(191, '2021-04-27', 4, 'Très bon rapport qualité prix. Les rapports chaleureux entre clients habitués et personnel demontrent la qualité de l\'accueil. Le pain frais et les viennoiseries sont delicieux.', 5, 1),
(192, '2021-05-03', 5, 'Les photos m\'avaient séduit. En vrai c\'est pareil. Mais en mieux. Endroit assez fou. Résidence à l\'architecture particulière. Calme olympien. Coupé du monde. Une vrai réflexion a été mené pour rendre chaque parcelle intime.', 5, 3),
(193, '2022-02-14', 3, 'Super rapport qualité prix et très pratique pour moi par rapport à mon lieu de travail.', 5, 11),
(194, '2022-02-16', 3, 'Pour qui souhaite visiter et s\'imprégner du calme et de la sérénité de cette province, cet hébergement propose bien plus qu\'un logement, un vrai concept.', 5, 9),
(195, '2022-02-18', 3, 'Superbe lieu, accueil très agréable, l\'équipe était disponible et au petit soin. Nous avons vraiment apprécié et passé un magnifique moment. Nous reviendrons c\'est certain !', 5, 18),
(196, '2022-02-20', 3, 'Chambre très confortable et spacieuse, décoration chaleureuse, calme. Situation idéale pour tout faire à pied. Personnel accueillant.', 5, 15),
(197, '2022-02-22', 3, 'Très bon rapport qualité prix. Les rapports chaleureux entre clients habitués et personnel demontrent la qualité de l\'accueil. Le pain frais et les viennoiseries sont delicieux.', 5, 24),
(198, '2021-09-01', 3, 'Pour qui souhaite visiter et s\'imprégner du calme et de la sérénité de cette province, cet hébergement propose bien plus qu\'un logement, un vrai concept.', 5, 15),
(199, '2021-09-05', 4, 'Un hôtel bien situé. Une disponibilité du personnel et surtout un professionnalisme hors du commun. Je vous le conseille vivement.', 5, 7),
(200, '2021-09-07', 5, 'Pour qui souhaite visiter et s\'imprégner du calme et de la sérénité de cette province, cet hébergement propose bien plus qu\'un logement, un vrai concept.', 5, 17),
(201, '2021-05-25', 4, 'Un hôtel bien situé. Une disponibilité du personnel et surtout un professionnalisme hors du commun. Je vous le conseille vivement.', 5, 26),
(202, '2021-05-26', 4, 'Très bon rapport qualité prix pour le quartier. Cadre du bar du rez de chaussée très raffiné et calme.', 5, 21),
(203, '2021-05-27', 4, 'Très bon rapport qualité prix. Les rapports chaleureux entre clients habitués et personnel demontrent la qualité de l\'accueil. Le pain frais et les viennoiseries sont delicieux.', 5, 20),
(204, '2021-05-28', 5, 'Excellent rapport qualité /prix ! Accueil chaleureux avec un personnel aux petits soins, chambre très propre, fenêtres bien isolées. Tout est fait pour que votre séjour se passe le mieux possible.', 5, 3),
(205, '2021-08-03', 3, 'Super rapport qualité prix et très pratique pour moi par rapport à mon lieu de travail.', 5, 6),
(206, '2021-08-04', 5, 'Excellent rapport qualité /prix ! Accueil chaleureux avec un personnel aux petits soins, chambre très propre, fenêtres bien isolées. Tout est fait pour que votre séjour se passe le mieux possible.', 5, 14),
(207, '2021-08-05', 5, 'Un hôtel bien situé. Une disponibilité du personnel et surtout un professionnalisme hors du commun. Je vous le conseille vivement.', 5, 21),
(208, '2021-08-06', 4, 'Chambre très confortable et spacieuse, décoration chaleureuse, calme. Situation idéale pour tout faire à pied. Personnel accueillant.', 5, 11),
(209, '2021-08-07', 5, 'L\'hébergement a été refaite à neuf et n\'a rien à envier aux hôtels les plus modernes de la région, avec en prime la compagnie chaleureuse de Catherine.', 5, 25),
(210, '2021-07-09', 5, 'Pour qui souhaite visiter et s\'imprégner du calme et de la sérénité de cette province, cet hébergement propose bien plus qu\'un logement, un vrai concept.', 5, 21),
(211, '2021-10-16', 3, 'Un hôtel bien situé. Une disponibilité du personnel et surtout un professionnalisme hors du commun. Je vous le conseille vivement.', 5, 25),
(212, '2021-10-17', 5, 'Chambre très confortable et spacieuse, décoration chaleureuse, calme. Situation idéale pour tout faire à pied. Personnel accueillant.', 5, 25),
(213, '2021-10-18', 3, 'Super rapport qualité prix et très pratique pour moi par rapport à mon lieu de travail.', 5, 26),
(214, '2021-10-20', 3, 'Un hôtel bien situé. Une disponibilité du personnel et surtout un professionnalisme hors du commun. Je vous le conseille vivement.', 5, 3),
(215, '2022-02-16', 5, 'Les photos m\'avaient séduit. En vrai c\'est pareil. Mais en mieux. Endroit assez fou. Résidence à l\'architecture particulière. Calme olympien. Coupé du monde. Une vrai réflexion a été mené pour rendre chaque parcelle intime.', 5, 12),
(216, '2022-02-17', 5, 'Pour qui souhaite visiter et s\'imprégner du calme et de la sérénité de cette province, cet hébergement propose bien plus qu\'un logement, un vrai concept.', 5, 9),
(217, '2022-02-18', 5, 'Excellent rapport qualité /prix ! Accueil chaleureux avec un personnel aux petits soins, chambre très propre, fenêtres bien isolées. Tout est fait pour que votre séjour se passe le mieux possible.', 5, 15),
(218, '2022-02-19', 3, 'Les photos m\'avaient séduit. En vrai c\'est pareil. Mais en mieux. Endroit assez fou. Résidence à l\'architecture particulière. Calme olympien. Coupé du monde. Une vrai réflexion a été mené pour rendre chaque parcelle intime.', 5, 11),
(219, '2022-02-20', 4, 'Les photos m\'avaient séduit. En vrai c\'est pareil. Mais en mieux. Endroit assez fou. Résidence à l\'architecture particulière. Calme olympien. Coupé du monde. Une vrai réflexion a été mené pour rendre chaque parcelle intime.', 5, 20),
(220, '2021-06-12', 5, 'Un hôtel bien situé. Une disponibilité du personnel et surtout un professionnalisme hors du commun. Je vous le conseille vivement.', 5, 13),
(221, '2021-06-13', 4, 'Un hôtel bien situé. Une disponibilité du personnel et surtout un professionnalisme hors du commun. Je vous le conseille vivement.', 5, 22),
(222, '2021-06-15', 4, 'Superbe lieu, accueil très agréable, l\'équipe était disponible et au petit soin. Nous avons vraiment apprécié et passé un magnifique moment. Nous reviendrons c\'est certain !', 5, 5),
(223, '2021-07-16', 4, 'L\'hébergement a été refaite à neuf et n\'a rien à envier aux hôtels les plus modernes de la région, avec en prime la compagnie chaleureuse de Catherine.', 5, 14),
(224, '2021-07-18', 5, 'Superbe lieu, accueil très agréable, l\'équipe était disponible et au petit soin. Nous avons vraiment apprécié et passé un magnifique moment. Nous reviendrons c\'est certain !', 5, 9),
(225, '2021-07-20', 5, 'L\'hébergement a été refaite à neuf et n\'a rien à envier aux hôtels les plus modernes de la région, avec en prime la compagnie chaleureuse de Catherine.', 5, 7),
(226, '2021-09-13', 4, 'Très bon rapport qualité prix. Les rapports chaleureux entre clients habitués et personnel demontrent la qualité de l\'accueil. Le pain frais et les viennoiseries sont delicieux.', 5, 10),
(227, '2021-09-14', 5, 'Un hôtel bien situé. Une disponibilité du personnel et surtout un professionnalisme hors du commun. Je vous le conseille vivement.', 5, 10),
(228, '2021-09-15', 5, 'Pour qui souhaite visiter et s\'imprégner du calme et de la sérénité de cette province, cet hébergement propose bien plus qu\'un logement, un vrai concept.', 5, 3),
(229, '2021-09-16', 5, 'Pour qui souhaite visiter et s\'imprégner du calme et de la sérénité de cette province, cet hébergement propose bien plus qu\'un logement, un vrai concept.', 5, 18),
(230, '2021-07-02', 4, 'Chambre très confortable et spacieuse, décoration chaleureuse, calme. Situation idéale pour tout faire à pied. Personnel accueillant.', 5, 19),
(231, '2021-07-03', 4, 'Un hôtel bien situé. Une disponibilité du personnel et surtout un professionnalisme hors du commun. Je vous le conseille vivement.', 5, 15),
(232, '2022-03-25', 3, 'Chambre très confortable et spacieuse, décoration chaleureuse, calme. Situation idéale pour tout faire à pied. Personnel accueillant.', 5, 12),
(233, '2022-03-26', 5, 'Superbe lieu, accueil très agréable, l\'équipe était disponible et au petit soin. Nous avons vraiment apprécié et passé un magnifique moment. Nous reviendrons c\'est certain !', 5, 16),
(234, '2021-10-26', 3, 'Très bon rapport qualité prix. Les rapports chaleureux entre clients habitués et personnel demontrent la qualité de l\'accueil. Le pain frais et les viennoiseries sont delicieux.', 5, 19),
(235, '2021-10-27', 4, 'Très bon rapport qualité prix. Les rapports chaleureux entre clients habitués et personnel demontrent la qualité de l\'accueil. Le pain frais et les viennoiseries sont delicieux.', 5, 19),
(236, '2021-10-28', 5, 'Un hôtel bien situé. Une disponibilité du personnel et surtout un professionnalisme hors du commun. Je vous le conseille vivement.', 5, 1),
(237, '2021-10-30', 5, 'Chambre très confortable et spacieuse, décoration chaleureuse, calme. Situation idéale pour tout faire à pied. Personnel accueillant.', 5, 13),
(238, '2019-12-10', 4, 'Très bon rapport qualité prix pour le quartier. Cadre du bar du rez de chaussée très raffiné et calme.', 6, 19),
(239, '2019-12-15', 5, 'Un hôtel bien situé. Une disponibilité du personnel et surtout un professionnalisme hors du commun. Je vous le conseille vivement.', 6, 7),
(240, '2019-12-20', 4, 'Très bon rapport qualité prix pour le quartier. Cadre du bar du rez de chaussée très raffiné et calme.', 6, 9),
(241, '2019-12-25', 5, 'Un hôtel bien situé. Une disponibilité du personnel et surtout un professionnalisme hors du commun. Je vous le conseille vivement.', 6, 8),
(242, '2019-12-30', 3, 'Un hôtel bien situé. Une disponibilité du personnel et surtout un professionnalisme hors du commun. Je vous le conseille vivement.', 6, 20),
(243, '2019-07-27', 4, 'Un hôtel bien situé. Une disponibilité du personnel et surtout un professionnalisme hors du commun. Je vous le conseille vivement.', 6, 23),
(244, '2019-08-01', 3, 'Très bon rapport qualité prix pour le quartier. Cadre du bar du rez de chaussée très raffiné et calme.', 6, 17),
(245, '2019-08-06', 4, 'Très bon rapport qualité prix pour le quartier. Cadre du bar du rez de chaussée très raffiné et calme.', 6, 12),
(246, '2019-08-11', 4, 'Superbe lieu, accueil très agréable, l\'équipe était disponible et au petit soin. Nous avons vraiment apprécié et passé un magnifique moment. Nous reviendrons c\'est certain !', 6, 20),
(247, '2019-08-16', 3, 'Très bon rapport qualité prix. Les rapports chaleureux entre clients habitués et personnel demontrent la qualité de l\'accueil. Le pain frais et les viennoiseries sont delicieux.', 6, 6),
(248, '2020-09-26', 5, 'Très bon rapport qualité prix. Les rapports chaleureux entre clients habitués et personnel demontrent la qualité de l\'accueil. Le pain frais et les viennoiseries sont delicieux.', 6, 11),
(249, '2020-10-01', 3, 'Chambre très confortable et spacieuse, décoration chaleureuse, calme. Situation idéale pour tout faire à pied. Personnel accueillant.', 6, 7),
(250, '2020-10-06', 5, 'L\'hébergement a été refaite à neuf et n\'a rien à envier aux hôtels les plus modernes de la région, avec en prime la compagnie chaleureuse de Catherine.', 6, 7),
(251, '2020-10-11', 3, 'Très bon rapport qualité prix pour le quartier. Cadre du bar du rez de chaussée très raffiné et calme.', 6, 10),
(252, '2020-10-16', 4, 'Un hôtel bien situé. Une disponibilité du personnel et surtout un professionnalisme hors du commun. Je vous le conseille vivement.', 6, 14),
(253, '2020-11-13', 5, 'Superbe lieu, accueil très agréable, l\'équipe était disponible et au petit soin. Nous avons vraiment apprécié et passé un magnifique moment. Nous reviendrons c\'est certain !', 6, 12),
(254, '2021-07-14', 4, 'Super rapport qualité prix et très pratique pour moi par rapport à mon lieu de travail.', 6, 22),
(255, '2021-07-24', 4, 'L\'hébergement a été refaite à neuf et n\'a rien à envier aux hôtels les plus modernes de la région, avec en prime la compagnie chaleureuse de Catherine.', 6, 16),
(256, '2021-12-26', 5, 'Très bon rapport qualité prix. Les rapports chaleureux entre clients habitués et personnel demontrent la qualité de l\'accueil. Le pain frais et les viennoiseries sont delicieux.', 6, 9),
(257, '2021-12-29', 5, 'Très bon rapport qualité prix. Les rapports chaleureux entre clients habitués et personnel demontrent la qualité de l\'accueil. Le pain frais et les viennoiseries sont delicieux.', 6, 26),
(258, '2022-01-01', 4, 'Un hôtel bien situé. Une disponibilité du personnel et surtout un professionnalisme hors du commun. Je vous le conseille vivement.', 6, 24),
(259, '2022-01-04', 5, 'L\'hébergement a été refaite à neuf et n\'a rien à envier aux hôtels les plus modernes de la région, avec en prime la compagnie chaleureuse de Catherine.', 6, 18),
(260, '2022-01-07', 5, 'Les photos m\'avaient séduit. En vrai c\'est pareil. Mais en mieux. Endroit assez fou. Résidence à l\'architecture particulière. Calme olympien. Coupé du monde. Une vrai réflexion a été mené pour rendre chaque parcelle intime.', 6, 21),
(261, '2022-01-03', 5, 'Un hôtel bien situé. Une disponibilité du personnel et surtout un professionnalisme hors du commun. Je vous le conseille vivement.', 6, 18),
(262, '2022-01-06', 3, 'Excellent rapport qualité /prix ! Accueil chaleureux avec un personnel aux petits soins, chambre très propre, fenêtres bien isolées. Tout est fait pour que votre séjour se passe le mieux possible.', 6, 20),
(263, '2022-01-09', 5, 'Très bon rapport qualité prix pour le quartier. Cadre du bar du rez de chaussée très raffiné et calme.', 6, 19),
(264, '2022-01-12', 3, 'Excellent rapport qualité /prix ! Accueil chaleureux avec un personnel aux petits soins, chambre très propre, fenêtres bien isolées. Tout est fait pour que votre séjour se passe le mieux possible.', 6, 15),
(265, '2022-01-15', 5, 'L\'hébergement a été refaite à neuf et n\'a rien à envier aux hôtels les plus modernes de la région, avec en prime la compagnie chaleureuse de Catherine.', 6, 6),
(266, '2021-01-15', 5, 'Pour qui souhaite visiter et s\'imprégner du calme et de la sérénité de cette province, cet hébergement propose bien plus qu\'un logement, un vrai concept.', 6, 26),
(267, '2021-01-18', 3, 'Très bon rapport qualité prix pour le quartier. Cadre du bar du rez de chaussée très raffiné et calme.', 6, 21),
(268, '2021-01-27', 4, 'Très bon rapport qualité prix. Les rapports chaleureux entre clients habitués et personnel demontrent la qualité de l\'accueil. Le pain frais et les viennoiseries sont delicieux.', 6, 7),
(269, '2021-04-12', 4, 'L\'hébergement a été refaite à neuf et n\'a rien à envier aux hôtels les plus modernes de la région, avec en prime la compagnie chaleureuse de Catherine.', 6, 12),
(270, '2021-04-15', 3, 'Super rapport qualité prix et très pratique pour moi par rapport à mon lieu de travail.', 6, 11),
(271, '2021-04-18', 4, 'Super rapport qualité prix et très pratique pour moi par rapport à mon lieu de travail.', 6, 21),
(272, '2021-04-21', 5, 'Chambre très confortable et spacieuse, décoration chaleureuse, calme. Situation idéale pour tout faire à pied. Personnel accueillant.', 6, 1),
(273, '2021-04-24', 3, 'Très bon rapport qualité prix. Les rapports chaleureux entre clients habitués et personnel demontrent la qualité de l\'accueil. Le pain frais et les viennoiseries sont delicieux.', 6, 8),
(274, '2022-03-22', 4, 'Chambre très confortable et spacieuse, décoration chaleureuse, calme. Situation idéale pour tout faire à pied. Personnel accueillant.', 6, 3),
(275, '2021-11-05', 5, 'Pour qui souhaite visiter et s\'imprégner du calme et de la sérénité de cette province, cet hébergement propose bien plus qu\'un logement, un vrai concept.', 6, 14),
(276, '2021-11-07', 3, 'Très bon rapport qualité prix pour le quartier. Cadre du bar du rez de chaussée très raffiné et calme.', 6, 14),
(277, '2021-11-09', 5, 'L\'hébergement a été refaite à neuf et n\'a rien à envier aux hôtels les plus modernes de la région, avec en prime la compagnie chaleureuse de Catherine.', 6, 9),
(278, '2021-11-11', 3, 'Un hôtel bien situé. Une disponibilité du personnel et surtout un professionnalisme hors du commun. Je vous le conseille vivement.', 6, 13),
(279, '2021-05-29', 5, 'Très bon rapport qualité prix pour le quartier. Cadre du bar du rez de chaussée très raffiné et calme.', 6, 8),
(286, '2021-03-06', 4, 'Un hôtel bien situé. Une disponibilité du personnel et surtout un professionnalisme hors du commun. Je vous le conseille vivement.', 6, 1),
(287, '2021-03-08', 5, 'Très bon rapport qualité prix. Les rapports chaleureux entre clients habitués et personnel demontrent la qualité de l\'accueil. Le pain frais et les viennoiseries sont delicieux.', 6, 12),
(288, '2021-11-01', 3, 'Les photos m\'avaient séduit. En vrai c\'est pareil. Mais en mieux. Endroit assez fou. Résidence à l\'architecture particulière. Calme olympien. Coupé du monde. Une vrai réflexion a été mené pour rendre chaque parcelle intime.', 6, 24),
(289, '2021-11-05', 5, 'Superbe lieu, accueil très agréable, l\'équipe était disponible et au petit soin. Nous avons vraiment apprécié et passé un magnifique moment. Nous reviendrons c\'est certain !', 6, 11),
(290, '2021-11-07', 3, 'Très bon rapport qualité prix pour le quartier. Cadre du bar du rez de chaussée très raffiné et calme.', 6, 14);
INSERT INTO `avis` (`idAvis`, `date`, `note`, `commentaire`, `idUtilisateur`, `idHebergement`) VALUES
(291, '2021-11-09', 3, 'Excellent rapport qualité /prix ! Accueil chaleureux avec un personnel aux petits soins, chambre très propre, fenêtres bien isolées. Tout est fait pour que votre séjour se passe le mieux possible.', 6, 12),
(292, '2021-02-11', 3, 'Superbe lieu, accueil très agréable, l\'équipe était disponible et au petit soin. Nous avons vraiment apprécié et passé un magnifique moment. Nous reviendrons c\'est certain !', 6, 24),
(293, '2021-02-13', 4, 'Super rapport qualité prix et très pratique pour moi par rapport à mon lieu de travail.', 6, 17),
(294, '2021-02-15', 4, 'Pour qui souhaite visiter et s\'imprégner du calme et de la sérénité de cette province, cet hébergement propose bien plus qu\'un logement, un vrai concept.', 6, 6),
(295, '2021-02-17', 5, 'Très bon rapport qualité prix pour le quartier. Cadre du bar du rez de chaussée très raffiné et calme.', 6, 19),
(296, '2021-02-19', 4, 'Super rapport qualité prix et très pratique pour moi par rapport à mon lieu de travail.', 6, 14),
(297, '2021-04-19', 3, 'Super rapport qualité prix et très pratique pour moi par rapport à mon lieu de travail.', 6, 21),
(298, '2021-04-21', 5, 'Chambre très confortable et spacieuse, décoration chaleureuse, calme. Situation idéale pour tout faire à pied. Personnel accueillant.', 6, 25),
(299, '2021-04-23', 3, 'Excellent rapport qualité /prix ! Accueil chaleureux avec un personnel aux petits soins, chambre très propre, fenêtres bien isolées. Tout est fait pour que votre séjour se passe le mieux possible.', 6, 8),
(300, '2021-11-29', 3, 'Superbe lieu, accueil très agréable, l\'équipe était disponible et au petit soin. Nous avons vraiment apprécié et passé un magnifique moment. Nous reviendrons c\'est certain !', 6, 3),
(301, '2021-12-01', 4, 'Super rapport qualité prix et très pratique pour moi par rapport à mon lieu de travail.', 6, 25),
(302, '2021-12-03', 3, 'L\'hébergement a été refaite à neuf et n\'a rien à envier aux hôtels les plus modernes de la région, avec en prime la compagnie chaleureuse de Catherine.', 6, 25),
(303, '2021-12-05', 5, 'Très bon rapport qualité prix pour le quartier. Cadre du bar du rez de chaussée très raffiné et calme.', 6, 12),
(304, '2021-12-07', 5, 'Chambre très confortable et spacieuse, décoration chaleureuse, calme. Situation idéale pour tout faire à pied. Personnel accueillant.', 6, 12),
(305, '2021-07-11', 3, 'Super rapport qualité prix et très pratique pour moi par rapport à mon lieu de travail.', 6, 21),
(306, '2021-01-27', 4, 'Superbe lieu, accueil très agréable, l\'équipe était disponible et au petit soin. Nous avons vraiment apprécié et passé un magnifique moment. Nous reviendrons c\'est certain !', 6, 12),
(307, '2021-01-29', 4, 'Superbe lieu, accueil très agréable, l\'équipe était disponible et au petit soin. Nous avons vraiment apprécié et passé un magnifique moment. Nous reviendrons c\'est certain !', 6, 25),
(308, '2021-01-31', 3, 'Excellent rapport qualité /prix ! Accueil chaleureux avec un personnel aux petits soins, chambre très propre, fenêtres bien isolées. Tout est fait pour que votre séjour se passe le mieux possible.', 6, 5),
(309, '2021-05-19', 3, 'Superbe lieu, accueil très agréable, l\'équipe était disponible et au petit soin. Nous avons vraiment apprécié et passé un magnifique moment. Nous reviendrons c\'est certain !', 6, 6),
(310, '2021-05-20', 5, 'Très bon rapport qualité prix. Les rapports chaleureux entre clients habitués et personnel demontrent la qualité de l\'accueil. Le pain frais et les viennoiseries sont delicieux.', 6, 19),
(311, '2021-05-22', 4, 'Excellent rapport qualité /prix ! Accueil chaleureux avec un personnel aux petits soins, chambre très propre, fenêtres bien isolées. Tout est fait pour que votre séjour se passe le mieux possible.', 6, 7),
(312, '2021-05-23', 5, 'Très bon rapport qualité prix. Les rapports chaleureux entre clients habitués et personnel demontrent la qualité de l\'accueil. Le pain frais et les viennoiseries sont delicieux.', 6, 6),
(313, '2021-07-10', 3, 'Pour qui souhaite visiter et s\'imprégner du calme et de la sérénité de cette province, cet hébergement propose bien plus qu\'un logement, un vrai concept.', 6, 7),
(314, '2021-07-11', 3, 'L\'hébergement a été refaite à neuf et n\'a rien à envier aux hôtels les plus modernes de la région, avec en prime la compagnie chaleureuse de Catherine.', 6, 17),
(315, '2021-07-12', 5, 'Les photos m\'avaient séduit. En vrai c\'est pareil. Mais en mieux. Endroit assez fou. Résidence à l\'architecture particulière. Calme olympien. Coupé du monde. Une vrai réflexion a été mené pour rendre chaque parcelle intime.', 6, 17),
(316, '2021-03-15', 5, 'Excellent rapport qualité /prix ! Accueil chaleureux avec un personnel aux petits soins, chambre très propre, fenêtres bien isolées. Tout est fait pour que votre séjour se passe le mieux possible.', 6, 1),
(317, '2021-03-17', 3, 'L\'hébergement a été refaite à neuf et n\'a rien à envier aux hôtels les plus modernes de la région, avec en prime la compagnie chaleureuse de Catherine.', 6, 14),
(318, '2022-03-01', 5, 'Chambre très confortable et spacieuse, décoration chaleureuse, calme. Situation idéale pour tout faire à pied. Personnel accueillant.', 6, 21),
(319, '2022-03-03', 4, 'L\'hébergement a été refaite à neuf et n\'a rien à envier aux hôtels les plus modernes de la région, avec en prime la compagnie chaleureuse de Catherine.', 6, 21),
(320, '2022-03-04', 4, 'Très bon rapport qualité prix pour le quartier. Cadre du bar du rez de chaussée très raffiné et calme.', 6, 25),
(321, '2021-04-10', 5, 'L\'hébergement a été refaite à neuf et n\'a rien à envier aux hôtels les plus modernes de la région, avec en prime la compagnie chaleureuse de Catherine.', 6, 2),
(322, '2021-04-11', 5, 'L\'hébergement a été refaite à neuf et n\'a rien à envier aux hôtels les plus modernes de la région, avec en prime la compagnie chaleureuse de Catherine.', 6, 3),
(323, '2021-04-12', 4, 'L\'hébergement a été refaite à neuf et n\'a rien à envier aux hôtels les plus modernes de la région, avec en prime la compagnie chaleureuse de Catherine.', 6, 22),
(324, '2021-04-13', 4, 'Chambre très confortable et spacieuse, décoration chaleureuse, calme. Situation idéale pour tout faire à pied. Personnel accueillant.', 6, 5),
(325, '2022-01-06', 5, 'Chambre très confortable et spacieuse, décoration chaleureuse, calme. Situation idéale pour tout faire à pied. Personnel accueillant.', 6, 10),
(326, '2022-01-07', 5, 'L\'hébergement a été refaite à neuf et n\'a rien à envier aux hôtels les plus modernes de la région, avec en prime la compagnie chaleureuse de Catherine.', 6, 9),
(327, '2022-01-08', 5, 'Super rapport qualité prix et très pratique pour moi par rapport à mon lieu de travail.', 6, 8),
(328, '2022-01-09', 4, 'Chambre très confortable et spacieuse, décoration chaleureuse, calme. Situation idéale pour tout faire à pied. Personnel accueillant.', 6, 23),
(329, '2022-01-10', 3, 'Chambre très confortable et spacieuse, décoration chaleureuse, calme. Situation idéale pour tout faire à pied. Personnel accueillant.', 6, 24),
(330, '2021-03-30', 5, 'Très bon rapport qualité prix pour le quartier. Cadre du bar du rez de chaussée très raffiné et calme.', 6, 22),
(331, '2021-03-31', 4, 'Les photos m\'avaient séduit. En vrai c\'est pareil. Mais en mieux. Endroit assez fou. Résidence à l\'architecture particulière. Calme olympien. Coupé du monde. Une vrai réflexion a été mené pour rendre chaque parcelle intime.', 6, 9),
(332, '2021-04-02', 4, 'Très bon rapport qualité prix pour le quartier. Cadre du bar du rez de chaussée très raffiné et calme.', 6, 14),
(333, '2021-04-26', 4, 'Chambre très confortable et spacieuse, décoration chaleureuse, calme. Situation idéale pour tout faire à pied. Personnel accueillant.', 6, 11),
(334, '2021-06-24', 5, 'Les photos m\'avaient séduit. En vrai c\'est pareil. Mais en mieux. Endroit assez fou. Résidence à l\'architecture particulière. Calme olympien. Coupé du monde. Une vrai réflexion a été mené pour rendre chaque parcelle intime.', 6, 17),
(335, '2021-06-25', 3, 'Excellent rapport qualité /prix ! Accueil chaleureux avec un personnel aux petits soins, chambre très propre, fenêtres bien isolées. Tout est fait pour que votre séjour se passe le mieux possible.', 6, 20),
(336, '2021-06-26', 3, 'Chambre très confortable et spacieuse, décoration chaleureuse, calme. Situation idéale pour tout faire à pied. Personnel accueillant.', 6, 17),
(337, '2021-06-27', 5, 'Très bon rapport qualité prix pour le quartier. Cadre du bar du rez de chaussée très raffiné et calme.', 6, 10),
(338, '2021-06-28', 5, 'Super rapport qualité prix et très pratique pour moi par rapport à mon lieu de travail.', 6, 15),
(339, '2021-07-22', 4, 'Très bon rapport qualité prix. Les rapports chaleureux entre clients habitués et personnel demontrent la qualité de l\'accueil. Le pain frais et les viennoiseries sont delicieux.', 7, 20),
(340, '2021-07-27', 4, 'Pour qui souhaite visiter et s\'imprégner du calme et de la sérénité de cette province, cet hébergement propose bien plus qu\'un logement, un vrai concept.', 7, 6),
(341, '2021-02-18', 3, 'Très bon rapport qualité prix pour le quartier. Cadre du bar du rez de chaussée très raffiné et calme.', 7, 23),
(342, '2021-02-23', 5, 'Chambre très confortable et spacieuse, décoration chaleureuse, calme. Situation idéale pour tout faire à pied. Personnel accueillant.', 7, 21),
(343, '2021-03-05', 3, 'Pour qui souhaite visiter et s\'imprégner du calme et de la sérénité de cette province, cet hébergement propose bien plus qu\'un logement, un vrai concept.', 7, 20),
(344, '2020-05-29', 4, 'Chambre très confortable et spacieuse, décoration chaleureuse, calme. Situation idéale pour tout faire à pied. Personnel accueillant.', 7, 26),
(345, '2020-06-03', 3, 'Un hôtel bien situé. Une disponibilité du personnel et surtout un professionnalisme hors du commun. Je vous le conseille vivement.', 7, 7),
(346, '2020-06-08', 5, 'Un hôtel bien situé. Une disponibilité du personnel et surtout un professionnalisme hors du commun. Je vous le conseille vivement.', 7, 13),
(347, '2020-06-13', 5, 'Excellent rapport qualité /prix ! Accueil chaleureux avec un personnel aux petits soins, chambre très propre, fenêtres bien isolées. Tout est fait pour que votre séjour se passe le mieux possible.', 7, 5),
(348, '2020-06-18', 4, 'Superbe lieu, accueil très agréable, l\'équipe était disponible et au petit soin. Nous avons vraiment apprécié et passé un magnifique moment. Nous reviendrons c\'est certain !', 7, 19),
(349, '2019-12-09', 3, 'Les photos m\'avaient séduit. En vrai c\'est pareil. Mais en mieux. Endroit assez fou. Résidence à l\'architecture particulière. Calme olympien. Coupé du monde. Une vrai réflexion a été mené pour rendre chaque parcelle intime.', 7, 24),
(350, '2019-12-14', 4, 'Chambre très confortable et spacieuse, décoration chaleureuse, calme. Situation idéale pour tout faire à pied. Personnel accueillant.', 7, 26),
(351, '2019-12-19', 5, 'Les photos m\'avaient séduit. En vrai c\'est pareil. Mais en mieux. Endroit assez fou. Résidence à l\'architecture particulière. Calme olympien. Coupé du monde. Une vrai réflexion a été mené pour rendre chaque parcelle intime.', 7, 7),
(352, '2019-12-24', 3, 'Super rapport qualité prix et très pratique pour moi par rapport à mon lieu de travail.', 7, 23),
(353, '2019-12-29', 3, 'Un hôtel bien situé. Une disponibilité du personnel et surtout un professionnalisme hors du commun. Je vous le conseille vivement.', 7, 11),
(354, '2019-03-15', 3, 'Chambre très confortable et spacieuse, décoration chaleureuse, calme. Situation idéale pour tout faire à pied. Personnel accueillant.', 7, 12),
(355, '2019-03-20', 4, 'Un hôtel bien situé. Une disponibilité du personnel et surtout un professionnalisme hors du commun. Je vous le conseille vivement.', 7, 2),
(356, '2019-03-25', 3, 'Un hôtel bien situé. Une disponibilité du personnel et surtout un professionnalisme hors du commun. Je vous le conseille vivement.', 7, 3),
(357, '2019-03-30', 5, 'Très bon rapport qualité prix. Les rapports chaleureux entre clients habitués et personnel demontrent la qualité de l\'accueil. Le pain frais et les viennoiseries sont delicieux.', 7, 26),
(358, '2019-04-04', 3, 'Très bon rapport qualité prix. Les rapports chaleureux entre clients habitués et personnel demontrent la qualité de l\'accueil. Le pain frais et les viennoiseries sont delicieux.', 7, 18),
(359, '2021-12-22', 5, 'Un hôtel bien situé. Une disponibilité du personnel et surtout un professionnalisme hors du commun. Je vous le conseille vivement.', 7, 1),
(360, '2021-12-25', 4, 'Excellent rapport qualité /prix ! Accueil chaleureux avec un personnel aux petits soins, chambre très propre, fenêtres bien isolées. Tout est fait pour que votre séjour se passe le mieux possible.', 7, 10),
(361, '2021-12-28', 4, 'Un hôtel bien situé. Une disponibilité du personnel et surtout un professionnalisme hors du commun. Je vous le conseille vivement.', 7, 25),
(362, '2021-12-31', 5, 'Pour qui souhaite visiter et s\'imprégner du calme et de la sérénité de cette province, cet hébergement propose bien plus qu\'un logement, un vrai concept.', 7, 22),
(363, '2021-08-09', 4, 'Pour qui souhaite visiter et s\'imprégner du calme et de la sérénité de cette province, cet hébergement propose bien plus qu\'un logement, un vrai concept.', 7, 1),
(364, '2021-08-12', 4, 'Super rapport qualité prix et très pratique pour moi par rapport à mon lieu de travail.', 7, 18),
(371, '2022-01-05', 5, 'Excellent rapport qualité /prix ! Accueil chaleureux avec un personnel aux petits soins, chambre très propre, fenêtres bien isolées. Tout est fait pour que votre séjour se passe le mieux possible.', 7, 25),
(372, '2021-06-01', 3, 'Pour qui souhaite visiter et s\'imprégner du calme et de la sérénité de cette province, cet hébergement propose bien plus qu\'un logement, un vrai concept.', 7, 18),
(373, '2021-06-03', 3, 'Pour qui souhaite visiter et s\'imprégner du calme et de la sérénité de cette province, cet hébergement propose bien plus qu\'un logement, un vrai concept.', 7, 21),
(374, '2021-06-07', 3, 'L\'hébergement a été refaite à neuf et n\'a rien à envier aux hôtels les plus modernes de la région, avec en prime la compagnie chaleureuse de Catherine.', 7, 9),
(375, '2021-06-09', 4, 'Chambre très confortable et spacieuse, décoration chaleureuse, calme. Situation idéale pour tout faire à pied. Personnel accueillant.', 7, 9),
(376, '2021-03-23', 3, 'Les photos m\'avaient séduit. En vrai c\'est pareil. Mais en mieux. Endroit assez fou. Résidence à l\'architecture particulière. Calme olympien. Coupé du monde. Une vrai réflexion a été mené pour rendre chaque parcelle intime.', 7, 14),
(377, '2021-03-25', 4, 'Excellent rapport qualité /prix ! Accueil chaleureux avec un personnel aux petits soins, chambre très propre, fenêtres bien isolées. Tout est fait pour que votre séjour se passe le mieux possible.', 7, 12),
(378, '2021-03-27', 4, 'L\'hébergement a été refaite à neuf et n\'a rien à envier aux hôtels les plus modernes de la région, avec en prime la compagnie chaleureuse de Catherine.', 7, 18),
(379, '2021-03-29', 5, 'Très bon rapport qualité prix. Les rapports chaleureux entre clients habitués et personnel demontrent la qualité de l\'accueil. Le pain frais et les viennoiseries sont delicieux.', 7, 10),
(380, '2022-02-15', 3, 'Excellent rapport qualité /prix ! Accueil chaleureux avec un personnel aux petits soins, chambre très propre, fenêtres bien isolées. Tout est fait pour que votre séjour se passe le mieux possible.', 7, 7),
(381, '2021-03-19', 4, 'L\'hébergement a été refaite à neuf et n\'a rien à envier aux hôtels les plus modernes de la région, avec en prime la compagnie chaleureuse de Catherine.', 7, 12),
(382, '2022-03-17', 4, 'L\'hébergement a été refaite à neuf et n\'a rien à envier aux hôtels les plus modernes de la région, avec en prime la compagnie chaleureuse de Catherine.', 7, 20),
(383, '2022-03-18', 4, 'Chambre très confortable et spacieuse, décoration chaleureuse, calme. Situation idéale pour tout faire à pied. Personnel accueillant.', 7, 15),
(384, '2022-03-19', 4, 'Super rapport qualité prix et très pratique pour moi par rapport à mon lieu de travail.', 7, 24),
(385, '2022-03-20', 4, 'Très bon rapport qualité prix. Les rapports chaleureux entre clients habitués et personnel demontrent la qualité de l\'accueil. Le pain frais et les viennoiseries sont delicieux.', 7, 9),
(386, '2022-03-21', 5, 'L\'hébergement a été refaite à neuf et n\'a rien à envier aux hôtels les plus modernes de la région, avec en prime la compagnie chaleureuse de Catherine.', 7, 26),
(387, '2021-02-26', 4, 'Excellent rapport qualité /prix ! Accueil chaleureux avec un personnel aux petits soins, chambre très propre, fenêtres bien isolées. Tout est fait pour que votre séjour se passe le mieux possible.', 7, 8),
(388, '2021-02-27', 5, 'Les photos m\'avaient séduit. En vrai c\'est pareil. Mais en mieux. Endroit assez fou. Résidence à l\'architecture particulière. Calme olympien. Coupé du monde. Une vrai réflexion a été mené pour rendre chaque parcelle intime.', 7, 17),
(389, '2021-09-17', 5, 'Pour qui souhaite visiter et s\'imprégner du calme et de la sérénité de cette province, cet hébergement propose bien plus qu\'un logement, un vrai concept.', 7, 2),
(390, '2021-09-18', 3, 'Les photos m\'avaient séduit. En vrai c\'est pareil. Mais en mieux. Endroit assez fou. Résidence à l\'architecture particulière. Calme olympien. Coupé du monde. Une vrai réflexion a été mené pour rendre chaque parcelle intime.', 7, 8),
(391, '2021-09-19', 4, 'Un hôtel bien situé. Une disponibilité du personnel et surtout un professionnalisme hors du commun. Je vous le conseille vivement.', 7, 17),
(392, '2021-08-28', 4, 'Super rapport qualité prix et très pratique pour moi par rapport à mon lieu de travail.', 7, 16),
(393, '2021-08-29', 3, 'Chambre très confortable et spacieuse, décoration chaleureuse, calme. Situation idéale pour tout faire à pied. Personnel accueillant.', 7, 18),
(394, '2021-08-26', 3, 'Superbe lieu, accueil très agréable, l\'équipe était disponible et au petit soin. Nous avons vraiment apprécié et passé un magnifique moment. Nous reviendrons c\'est certain !', 7, 20),
(395, '2021-08-28', 3, 'L\'hébergement a été refaite à neuf et n\'a rien à envier aux hôtels les plus modernes de la région, avec en prime la compagnie chaleureuse de Catherine.', 7, 15),
(396, '2021-08-29', 4, 'L\'hébergement a été refaite à neuf et n\'a rien à envier aux hôtels les plus modernes de la région, avec en prime la compagnie chaleureuse de Catherine.', 7, 24),
(397, '2022-01-17', 4, 'Les photos m\'avaient séduit. En vrai c\'est pareil. Mais en mieux. Endroit assez fou. Résidence à l\'architecture particulière. Calme olympien. Coupé du monde. Une vrai réflexion a été mené pour rendre chaque parcelle intime.', 7, 2),
(398, '2022-01-18', 5, 'Superbe lieu, accueil très agréable, l\'équipe était disponible et au petit soin. Nous avons vraiment apprécié et passé un magnifique moment. Nous reviendrons c\'est certain !', 7, 26),
(399, '2022-01-19', 3, 'Les photos m\'avaient séduit. En vrai c\'est pareil. Mais en mieux. Endroit assez fou. Résidence à l\'architecture particulière. Calme olympien. Coupé du monde. Une vrai réflexion a été mené pour rendre chaque parcelle intime.', 7, 24),
(400, '2022-01-20', 3, 'Excellent rapport qualité /prix ! Accueil chaleureux avec un personnel aux petits soins, chambre très propre, fenêtres bien isolées. Tout est fait pour que votre séjour se passe le mieux possible.', 7, 5),
(401, '2022-01-21', 5, 'Très bon rapport qualité prix. Les rapports chaleureux entre clients habitués et personnel demontrent la qualité de l\'accueil. Le pain frais et les viennoiseries sont delicieux.', 7, 24),
(402, '2022-02-25', 3, 'Superbe lieu, accueil très agréable, l\'équipe était disponible et au petit soin. Nous avons vraiment apprécié et passé un magnifique moment. Nous reviendrons c\'est certain !', 7, 22),
(403, '2022-02-26', 3, 'Un hôtel bien situé. Une disponibilité du personnel et surtout un professionnalisme hors du commun. Je vous le conseille vivement.', 7, 16),
(404, '2022-02-27', 5, 'L\'hébergement a été refaite à neuf et n\'a rien à envier aux hôtels les plus modernes de la région, avec en prime la compagnie chaleureuse de Catherine.', 7, 10),
(405, '2022-02-28', 5, 'Super rapport qualité prix et très pratique pour moi par rapport à mon lieu de travail.', 7, 15),
(406, '2022-03-16', 4, 'L\'hébergement a été refaite à neuf et n\'a rien à envier aux hôtels les plus modernes de la région, avec en prime la compagnie chaleureuse de Catherine.', 7, 23),
(407, '2022-03-17', 4, 'Excellent rapport qualité /prix ! Accueil chaleureux avec un personnel aux petits soins, chambre très propre, fenêtres bien isolées. Tout est fait pour que votre séjour se passe le mieux possible.', 7, 26),
(408, '2022-03-18', 5, 'Pour qui souhaite visiter et s\'imprégner du calme et de la sérénité de cette province, cet hébergement propose bien plus qu\'un logement, un vrai concept.', 7, 13),
(409, '2022-03-19', 3, 'Très bon rapport qualité prix. Les rapports chaleureux entre clients habitués et personnel demontrent la qualité de l\'accueil. Le pain frais et les viennoiseries sont delicieux.', 7, 2),
(410, '2022-03-20', 4, 'L\'hébergement a été refaite à neuf et n\'a rien à envier aux hôtels les plus modernes de la région, avec en prime la compagnie chaleureuse de Catherine.', 7, 24),
(411, '2022-03-09', 5, 'Les photos m\'avaient séduit. En vrai c\'est pareil. Mais en mieux. Endroit assez fou. Résidence à l\'architecture particulière. Calme olympien. Coupé du monde. Une vrai réflexion a été mené pour rendre chaque parcelle intime.', 7, 3),
(412, '2022-03-10', 3, 'Pour qui souhaite visiter et s\'imprégner du calme et de la sérénité de cette province, cet hébergement propose bien plus qu\'un logement, un vrai concept.', 7, 17),
(413, '2022-03-12', 4, 'Un hôtel bien situé. Une disponibilité du personnel et surtout un professionnalisme hors du commun. Je vous le conseille vivement.', 7, 10),
(414, '2019-02-21', 5, 'Chambre très confortable et spacieuse, décoration chaleureuse, calme. Situation idéale pour tout faire à pied. Personnel accueillant.', 8, 12),
(415, '2019-02-26', 5, 'Excellent rapport qualité /prix ! Accueil chaleureux avec un personnel aux petits soins, chambre très propre, fenêtres bien isolées. Tout est fait pour que votre séjour se passe le mieux possible.', 8, 19),
(416, '2019-03-03', 3, 'Excellent rapport qualité /prix ! Accueil chaleureux avec un personnel aux petits soins, chambre très propre, fenêtres bien isolées. Tout est fait pour que votre séjour se passe le mieux possible.', 8, 14),
(417, '2019-03-08', 3, 'Excellent rapport qualité /prix ! Accueil chaleureux avec un personnel aux petits soins, chambre très propre, fenêtres bien isolées. Tout est fait pour que votre séjour se passe le mieux possible.', 8, 2),
(418, '2019-03-13', 3, 'Chambre très confortable et spacieuse, décoration chaleureuse, calme. Situation idéale pour tout faire à pied. Personnel accueillant.', 8, 8),
(419, '2020-06-21', 3, 'Pour qui souhaite visiter et s\'imprégner du calme et de la sérénité de cette province, cet hébergement propose bien plus qu\'un logement, un vrai concept.', 8, 25),
(420, '2020-06-26', 5, 'L\'hébergement a été refaite à neuf et n\'a rien à envier aux hôtels les plus modernes de la région, avec en prime la compagnie chaleureuse de Catherine.', 8, 13),
(421, '2020-07-01', 3, 'Excellent rapport qualité /prix ! Accueil chaleureux avec un personnel aux petits soins, chambre très propre, fenêtres bien isolées. Tout est fait pour que votre séjour se passe le mieux possible.', 8, 13),
(422, '2020-07-06', 3, 'Pour qui souhaite visiter et s\'imprégner du calme et de la sérénité de cette province, cet hébergement propose bien plus qu\'un logement, un vrai concept.', 8, 8),
(423, '2020-07-11', 4, 'Pour qui souhaite visiter et s\'imprégner du calme et de la sérénité de cette province, cet hébergement propose bien plus qu\'un logement, un vrai concept.', 8, 21),
(424, '2021-05-04', 5, 'Chambre très confortable et spacieuse, décoration chaleureuse, calme. Situation idéale pour tout faire à pied. Personnel accueillant.', 8, 26),
(425, '2021-05-09', 5, 'Excellent rapport qualité /prix ! Accueil chaleureux avec un personnel aux petits soins, chambre très propre, fenêtres bien isolées. Tout est fait pour que votre séjour se passe le mieux possible.', 8, 20),
(426, '2021-05-14', 4, 'Très bon rapport qualité prix pour le quartier. Cadre du bar du rez de chaussée très raffiné et calme.', 8, 6),
(427, '2020-06-12', 3, 'Très bon rapport qualité prix pour le quartier. Cadre du bar du rez de chaussée très raffiné et calme.', 8, 14),
(428, '2020-06-17', 3, 'Très bon rapport qualité prix. Les rapports chaleureux entre clients habitués et personnel demontrent la qualité de l\'accueil. Le pain frais et les viennoiseries sont delicieux.', 8, 9),
(429, '2020-06-22', 3, 'Super rapport qualité prix et très pratique pour moi par rapport à mon lieu de travail.', 8, 13),
(430, '2020-06-27', 3, 'Les photos m\'avaient séduit. En vrai c\'est pareil. Mais en mieux. Endroit assez fou. Résidence à l\'architecture particulière. Calme olympien. Coupé du monde. Une vrai réflexion a été mené pour rendre chaque parcelle intime.', 8, 20),
(431, '2020-07-02', 4, 'Chambre très confortable et spacieuse, décoration chaleureuse, calme. Situation idéale pour tout faire à pied. Personnel accueillant.', 8, 8),
(432, '2020-11-16', 4, 'Les photos m\'avaient séduit. En vrai c\'est pareil. Mais en mieux. Endroit assez fou. Résidence à l\'architecture particulière. Calme olympien. Coupé du monde. Une vrai réflexion a été mené pour rendre chaque parcelle intime.', 8, 11),
(433, '2020-11-21', 4, 'L\'hébergement a été refaite à neuf et n\'a rien à envier aux hôtels les plus modernes de la région, avec en prime la compagnie chaleureuse de Catherine.', 8, 2),
(434, '2020-11-26', 3, 'Pour qui souhaite visiter et s\'imprégner du calme et de la sérénité de cette province, cet hébergement propose bien plus qu\'un logement, un vrai concept.', 8, 6),
(435, '2020-12-01', 4, 'Chambre très confortable et spacieuse, décoration chaleureuse, calme. Situation idéale pour tout faire à pied. Personnel accueillant.', 8, 13),
(436, '2020-12-06', 4, 'Les photos m\'avaient séduit. En vrai c\'est pareil. Mais en mieux. Endroit assez fou. Résidence à l\'architecture particulière. Calme olympien. Coupé du monde. Une vrai réflexion a été mené pour rendre chaque parcelle intime.', 8, 24),
(437, '2021-05-08', 3, 'Très bon rapport qualité prix pour le quartier. Cadre du bar du rez de chaussée très raffiné et calme.', 8, 14),
(438, '2021-05-11', 4, 'Un hôtel bien situé. Une disponibilité du personnel et surtout un professionnalisme hors du commun. Je vous le conseille vivement.', 8, 10),
(439, '2021-05-14', 3, 'Très bon rapport qualité prix. Les rapports chaleureux entre clients habitués et personnel demontrent la qualité de l\'accueil. Le pain frais et les viennoiseries sont delicieux.', 8, 24),
(440, '2021-05-17', 5, 'Super rapport qualité prix et très pratique pour moi par rapport à mon lieu de travail.', 8, 19),
(441, '2022-03-15', 4, 'Excellent rapport qualité /prix ! Accueil chaleureux avec un personnel aux petits soins, chambre très propre, fenêtres bien isolées. Tout est fait pour que votre séjour se passe le mieux possible.', 8, 11),
(442, '2022-03-24', 4, 'Un hôtel bien situé. Une disponibilité du personnel et surtout un professionnalisme hors du commun. Je vous le conseille vivement.', 8, 2),
(443, '2022-03-24', 5, 'L\'hébergement a été refaite à neuf et n\'a rien à envier aux hôtels les plus modernes de la région, avec en prime la compagnie chaleureuse de Catherine.', 8, 23),
(444, '2021-02-14', 5, 'L\'hébergement a été refaite à neuf et n\'a rien à envier aux hôtels les plus modernes de la région, avec en prime la compagnie chaleureuse de Catherine.', 8, 2),
(445, '2021-02-20', 4, 'Excellent rapport qualité /prix ! Accueil chaleureux avec un personnel aux petits soins, chambre très propre, fenêtres bien isolées. Tout est fait pour que votre séjour se passe le mieux possible.', 8, 21),
(446, '2021-09-08', 5, 'Un hôtel bien situé. Une disponibilité du personnel et surtout un professionnalisme hors du commun. Je vous le conseille vivement.', 8, 3),
(447, '2021-09-11', 3, 'Les photos m\'avaient séduit. En vrai c\'est pareil. Mais en mieux. Endroit assez fou. Résidence à l\'architecture particulière. Calme olympien. Coupé du monde. Une vrai réflexion a été mené pour rendre chaque parcelle intime.', 8, 23),
(448, '2022-03-15', 3, 'Les photos m\'avaient séduit. En vrai c\'est pareil. Mais en mieux. Endroit assez fou. Résidence à l\'architecture particulière. Calme olympien. Coupé du monde. Une vrai réflexion a été mené pour rendre chaque parcelle intime.', 8, 7),
(449, '2022-03-23', 3, 'Super rapport qualité prix et très pratique pour moi par rapport à mon lieu de travail.', 8, 22),
(450, '2021-07-28', 4, 'Un hôtel bien situé. Une disponibilité du personnel et surtout un professionnalisme hors du commun. Je vous le conseille vivement.', 8, 2),
(451, '2021-07-23', 5, 'Très bon rapport qualité prix. Les rapports chaleureux entre clients habitués et personnel demontrent la qualité de l\'accueil. Le pain frais et les viennoiseries sont delicieux.', 8, 21),
(452, '2021-11-15', 3, 'Chambre très confortable et spacieuse, décoration chaleureuse, calme. Situation idéale pour tout faire à pied. Personnel accueillant.', 8, 11),
(453, '2021-11-17', 4, 'Superbe lieu, accueil très agréable, l\'équipe était disponible et au petit soin. Nous avons vraiment apprécié et passé un magnifique moment. Nous reviendrons c\'est certain !', 8, 19),
(454, '2021-07-23', 4, 'Chambre très confortable et spacieuse, décoration chaleureuse, calme. Situation idéale pour tout faire à pied. Personnel accueillant.', 8, 22),
(455, '2021-02-01', 3, 'Très bon rapport qualité prix pour le quartier. Cadre du bar du rez de chaussée très raffiné et calme.', 8, 9),
(456, '2021-02-03', 3, 'L\'hébergement a été refaite à neuf et n\'a rien à envier aux hôtels les plus modernes de la région, avec en prime la compagnie chaleureuse de Catherine.', 8, 20),
(457, '2021-02-05', 5, 'Excellent rapport qualité /prix ! Accueil chaleureux avec un personnel aux petits soins, chambre très propre, fenêtres bien isolées. Tout est fait pour que votre séjour se passe le mieux possible.', 8, 13),
(458, '2021-02-07', 4, 'Les photos m\'avaient séduit. En vrai c\'est pareil. Mais en mieux. Endroit assez fou. Résidence à l\'architecture particulière. Calme olympien. Coupé du monde. Une vrai réflexion a été mené pour rendre chaque parcelle intime.', 8, 21),
(459, '2021-02-09', 3, 'Un hôtel bien situé. Une disponibilité du personnel et surtout un professionnalisme hors du commun. Je vous le conseille vivement.', 8, 13),
(481, '2021-03-01', 5, 'Ce fut un séjour vraiment génial. Un grand merci aux hôtes !', 8, 26),
(466, '2021-06-22', 5, 'Très bon rapport qualité prix. Les rapports chaleureux entre clients habitués et personnel demontrent la qualité de l\'accueil. Le pain frais et les viennoiseries sont delicieux.', 8, 11),
(467, '2021-06-23', 3, 'Chambre très confortable et spacieuse, décoration chaleureuse, calme. Situation idéale pour tout faire à pied. Personnel accueillant.', 8, 12),
(468, '2021-03-13', 5, 'Super rapport qualité prix et très pratique pour moi par rapport à mon lieu de travail.', 8, 7),
(469, '2021-02-16', 5, 'Très bon rapport qualité prix. Les rapports chaleureux entre clients habitués et personnel demontrent la qualité de l\'accueil. Le pain frais et les viennoiseries sont delicieux.', 8, 8),
(470, '2021-02-20', 5, 'Super rapport qualité prix et très pratique pour moi par rapport à mon lieu de travail.', 8, 9),
(471, '2021-06-30', 5, 'Superbe lieu, accueil très agréable, l\'équipe était disponible et au petit soin. Nous avons vraiment apprécié et passé un magnifique moment. Nous reviendrons c\'est certain !', 8, 10),
(472, '2021-08-22', 3, 'Un hôtel bien situé. Une disponibilité du personnel et surtout un professionnalisme hors du commun. Je vous le conseille vivement.', 8, 22),
(473, '2021-08-23', 4, 'Chambre très confortable et spacieuse, décoration chaleureuse, calme. Situation idéale pour tout faire à pied. Personnel accueillant.', 8, 25),
(474, '2021-08-25', 4, 'Excellent rapport qualité /prix ! Accueil chaleureux avec un personnel aux petits soins, chambre très propre, fenêtres bien isolées. Tout est fait pour que votre séjour se passe le mieux possible.', 8, 18),
(475, '2022-03-06', 5, 'L\'hébergement a été refaite à neuf et n\'a rien à envier aux hôtels les plus modernes de la région, avec en prime la compagnie chaleureuse de Catherine.', 8, 25),
(476, '2021-10-23', 5, 'Pour qui souhaite visiter et s\'imprégner du calme et de la sérénité de cette province, cet hébergement propose bien plus qu\'un logement, un vrai concept.', 8, 5),
(477, '2021-10-25', 4, 'L\'hébergement a été refaite à neuf et n\'a rien à envier aux hôtels les plus modernes de la région, avec en prime la compagnie chaleureuse de Catherine.', 8, 20),
(478, '2021-03-28', 5, 'Super rapport qualité prix et très pratique pour moi par rapport à mon lieu de travail.', 8, 1),
(479, '2021-05-16', 3, 'Très bon rapport qualité prix. Les rapports chaleureux entre clients habitués et personnel demontrent la qualité de l\'accueil. Le pain frais et les viennoiseries sont delicieux.', 8, 16),
(480, '2021-05-17', 3, 'Très bon rapport qualité prix pour le quartier. Cadre du bar du rez de chaussée très raffiné et calme.', 8, 7);

-- --------------------------------------------------------

--
-- Structure de la table `avis_response`
--

DROP TABLE IF EXISTS `avis_response`;
CREATE TABLE IF NOT EXISTS `avis_response` (
  `idResponse` int(11) NOT NULL AUTO_INCREMENT,
  `idAvis` int(11) NOT NULL,
  `idUtilisateur` int(11) NOT NULL,
  `reponse` text NOT NULL,
  `date` datetime NOT NULL DEFAULT CURRENT_TIMESTAMP,
  PRIMARY KEY (`idResponse`)
) ENGINE=MyISAM AUTO_INCREMENT=36 DEFAULT CHARSET=utf8;

--
-- Déchargement des données de la table `avis_response`
--

INSERT INTO `avis_response` (`idResponse`, `idAvis`, `idUtilisateur`, `reponse`, `date`) VALUES
(35, 64, 9, 'Bonjour Dominique et merci beaucoup de votre retour très positif !', '2022-04-04 22:23:13');

-- --------------------------------------------------------

--
-- Structure de la table `banned_ips`
--

DROP TABLE IF EXISTS `banned_ips`;
CREATE TABLE IF NOT EXISTS `banned_ips` (
  `id_banned_ip` int(11) NOT NULL,
  `ip` varchar(20) NOT NULL
) ENGINE=MyISAM DEFAULT CHARSET=utf8;

-- --------------------------------------------------------

--
-- Structure de la table `favoris`
--

DROP TABLE IF EXISTS `favoris`;
CREATE TABLE IF NOT EXISTS `favoris` (
  `idHebergement` int(11) NOT NULL,
  `idUtilisateur` int(11) NOT NULL,
  PRIMARY KEY (`idHebergement`,`idUtilisateur`)
) ENGINE=MyISAM DEFAULT CHARSET=latin1;

--
-- Déchargement des données de la table `favoris`
--

INSERT INTO `favoris` (`idHebergement`, `idUtilisateur`) VALUES
(2, 3),
(3, 3),
(5, 3),
(7, 3),
(9, 3),
(12, 3),
(21, 3),
(23, 3);

-- --------------------------------------------------------

--
-- Structure de la table `hebergement`
--

DROP TABLE IF EXISTS `hebergement`;
CREATE TABLE IF NOT EXISTS `hebergement` (
  `idHebergement` int(11) NOT NULL AUTO_INCREMENT,
  `libelle` varchar(100) NOT NULL,
  `adresse` text NOT NULL,
  `description` text NOT NULL,
  `idVille` int(11) NOT NULL,
  `latitude` float DEFAULT NULL,
  `longitude` float DEFAULT NULL,
  `prix` decimal(8,2) DEFAULT NULL,
  `uuid` text,
  `idUtilisateur` int(11) NOT NULL,
  `dateEnregistrement` date DEFAULT NULL,
  `actif` tinyint(1) NOT NULL DEFAULT '0',
  PRIMARY KEY (`idHebergement`)
) ENGINE=MyISAM AUTO_INCREMENT=43 DEFAULT CHARSET=latin1;

--
-- Déchargement des données de la table `hebergement`
--

INSERT INTO `hebergement` (`idHebergement`, `libelle`, `adresse`, `description`, `idVille`, `latitude`, `longitude`, `prix`, `uuid`, `idUtilisateur`, `dateEnregistrement`, `actif`) VALUES
(1, 'Hotel de Nantes', '', 'un hôtel basé en bretagne', 13, 47.2184, -1.55362, '70.45', 'a68686210e9bae009424e9b7c7200227feccc185c5d45b439e932dd18c739a09', 2, '2019-01-01', 1),
(2, 'Hotel d\'Anger', '', 'Hôtel en plein milieu du centre ville, à 100 mètres des meilleurs restaurant.', 14, 47.4711, -0.547307, '89.46', 'fed294478907c1a2d2cd743cf46c673ace7853b0604b3b002c88c90d80f27c6e', 2, '2019-01-01', 1),
(3, 'Hôtel de traverse', '', 'En plein centre de Montaigu, à 100 mètres du meilleur ELerclec du coin.', 15, 46.9833, -1.3167, '36.67', '3a33f82391ef817b7c9e1c87014aabd601205876ee14de5c9ff095230dca1364', 9, '2019-01-01', 1),
(5, 'Studio sur l\'île de Nantes', '', 'A 500 mètres du hangar à banane, un lieu rempli de d\'activité, votre séjour sera merveilleux', 13, 47.204, -1.54562, '58.99', '27452debd8f1d167a1f1fe3dcd81d3e7c8e0e2c9599db140c36a188c03a80ae6', 2, '2019-01-01', 1),
(6, 'Studio de 40 m² ', '', 'Un bel espace à vivre cosy et confortable', 17, 47.0594, -0.879787, '63.78', 'cb2e08fd69c01edf91165270f17920670e392806275a902b5fd771b76d4cc122', 2, '2019-01-01', 1),
(7, 'Château des Ducs de Bretagne', '', 'Au cœur même de Nantes, ce château vous ravira par l\'espace qu\'il vous offre', 13, 47.2159, -1.54931, '100.08', '89cc8aaaf79ecf5731e75fe872aec9a227671aa0fafba342b478995ed1e49736', 9, '2019-01-01', 1),
(8, 'Chambre d\'hôpital', '', 'Au cœur même du service de médecine interne, cette chambre vous assura du repos et de bons soins.', 14, 47.4826, -0.557617, '103.00', '', 2, '2019-01-01', 1),
(9, 'Cabane 2 pièces 25m²', '', 'Au sein du parc Henri Joyau, dans un espace naturel et classé Parc d\'or 1991, profitez d\'un séjour paisible.', 15, 46.98, -1.32003, '24.33', 'eee7049f923c0b79d3d0eb7c2311e9a5b68d4df45fee46d73d3c7bc01b55073e', 2, '2019-01-01', 1),
(10, 'Maison 60m² 3 pièces', '', 'Située en face du lac du Maine, cet hébergement vous offrira une vue imprenable sur la nature.', 14, 47.4642, -0.593099, '75.14', '', 9, '2019-01-01', 1),
(11, 'Appartement Jules Ferry', '', 'En plein centre du collège Jules Ferry. Vous serez au milieu de la future élite  Montaigusienne. Avec une réussite nationale de plus de 50% au brevet, l\'inspiration pour le futur prix Nobel de physique n\'est plus qu\'à quelques pas.', 15, 46.9716, -1.30607, '66.01', '7d379de6d89e7428e04a8d0bfe149ea4961080896207dbc650c0386e2b4799c3', 2, '2019-01-01', 1),
(12, 'Ibis budget chambre lit double', '', 'A deux pas du Mc Donald, vous êtes en plein milieu d\'un centre commercial. Un vrai régal pour tout acheteur compulsif qui se respecte.', 17, 47.0456, -0.902766, '45.06', 'f2e5a72627e7e830a2e6bb4b67c558a844b56cb7832192f3d0d5e050d5d52335', 2, '2019-01-01', 1),
(13, 'Maison de 150m²', '', 'Au cœur de Mon Plaisir, lieu dit d\'Anger, vous profiterez de notre maison familiale équipé tout confort !', 14, 47.4887, -0.529603, '150.00', 'd0511559f470c90b11d4e0eb45a13fe01ed3e939c8863d4ecb5272a716bc7c9d', 2, '2019-01-01', 1),
(14, 'Hôtel de Pornic', '', 'Au cœur de Pornic, cette chambre rustique et cosy est parfait pour une visite calme et agréable', 21, 47.1064, -2.08561, '56.45', '04ec6c277a909141c68154f1f642d37de3d58000102d8a4df812dd0b95755ea0', 9, '2019-01-01', 1),
(15, 'Appartement vue golf', '', 'La baie vitrée de l\'hébergement donne directement sur le Golf de Pornic qui est extrêmement réputé pour sa qualité.', 21, 47.1138, -2.11957, '156.65', '73d3ef7852f55d084427a4821d2c11519cecdef48eced7d8e12381bea44cd386', 2, '2019-01-01', 1),
(16, 'Maison 2ième étage vue mer', '', 'Sur le port de Pornic, à deux pas du casino et à 100 mètres des premiers commerces. Confortable et réputé.', 21, 47.1083, -2.11533, '86.22', '73a4a0c3b878a885fcd8b0a266a5df3c9ff6c6e73e8f44b205b1deb21e58ebbc', 9, '2019-01-01', 1),
(17, 'Auberge du château', '', 'Au cœur même du château de Saumur, en plein centre historique, cette hébergement sera le parfait voyage dans le temps que vous recherchez', 20, 47.2565, -0.0739807, '257.02', 'a9ea06db063dcf34e0effbc976ee052db26de44e8523d152ebfc0043e72aeaf0', 2, '2019-01-01', 1),
(18, 'Maison sur l\'île', '', 'Sur l\'île même de Saumur, aussi proche des vignobles que des rues piétonnes, ce logement vous ravira.', 20, 47.2665, -0.0758752, '68.06', '4afcc134e6e134571a110f2a1562d7054acf0e172260527a598ed10640f0af85', 2, '2019-01-01', 1),
(19, 'Cabane du golf', '', 'En plein centre du golf de Saumur, vous pourrez déranger les Hipsters que vous trouverez en train de jouer.', 20, 47.2755, -0.120697, '78.08', 'd41ffb85a65361f73f5a65289379b974f6166fe36200ae32ab25a52b5d9f3b7f', 9, '2019-01-01', 1),
(20, 'Maison de 60 m²', '', 'A deux pas du centre ville, cette hébergement sera vous séduire.', 19, 46.6708, -1.40399, '49.01', '276583c25bad5c4377a6325f52d8ce71a3c3e97abba8b90f4f9e5481ff29b2e0', 2, '2019-01-01', 1),
(21, 'Appartement restaurant', '', 'Proche des meilleurs restaurants du coin, les gambas et les huitres seront dans le frigo.', 19, 46.6651, -1.43794, '87.99', '036ff34cc84e24ecaa1fca25be5f381379420ab7f1df18f3ea0d9dd1cc0db85b', 2, '2019-01-01', 1),
(22, 'Jolie maisonnette ', '', 'Espace calme et cosy de 68 m². Petit déjeuner offert par la maison.', 19, 46.6852, -1.41685, '65.67', '7e11083f4d73bbddd87392ada864860365cf35f8a48270095261dfeec5f7fb15', 2, '2019-01-01', 1),
(23, 'Hébergement zootastique', '', 'A deux pas du zoo de la flèche, un moment souvenir incroyable, des lions sous la fenêtre', 22, 47.6827, -0.0479397, '99.00', '295df0eb2338119662af7115705dd28d31922b0b3c0cd1796f79a2de3a0e635e', 9, '2019-01-01', 1),
(24, 'Appart cool', '', 'Un smiley est caché dans le frigo, ça donne la pêche.', 22, 47.6999, -0.0724185, '43.17', '46e04703fa5948b033336330e5ddd3582e81c0194dc9ac16bf168df2e842dc32', 2, '2019-01-01', 1),
(25, 'La maison fermée', '', 'Une maison aux allures sympathiques et chaleureuses.', 22, 47.6931, -0.0781164, '69.03', 'da972073c123397ea9390fd42e315a83ebe83e5e5d65e7a6b93d48540b4436c3', 9, '2019-01-01', 1),
(26, 'La cabanette des beaux bois', '', 'Une bien belle cabanette. Mais qui peut y vivre ?', 17, 47.0564, -0.912572, '88.15', 'a31d42130b2a0dc4119d45ddab4862f04c5d0926e0aa71e27206b07c7a593d53', 2, '2019-01-01', 1);

-- --------------------------------------------------------

--
-- Structure de la table `options`
--

DROP TABLE IF EXISTS `options`;
CREATE TABLE IF NOT EXISTS `options` (
  `idOption` int(11) NOT NULL AUTO_INCREMENT,
  `libelle` varchar(100) NOT NULL,
  `icon` varchar(255) DEFAULT NULL,
  PRIMARY KEY (`idOption`)
) ENGINE=MyISAM AUTO_INCREMENT=12 DEFAULT CHARSET=latin1;

--
-- Déchargement des données de la table `options`
--

INSERT INTO `options` (`idOption`, `libelle`, `icon`) VALUES
(1, 'tétévision', 'fas fa-tv'),
(2, 'lave linge', 'fas fa-sink'),
(3, 'sèche linge', 'fas fa-sink'),
(4, 'cuisine', 'fas fa-utensils'),
(5, 'réfrégirateur', 'fas fa-icicles'),
(6, 'four', 'fab fa-hotjar'),
(7, 'parking gratuit', 'fas fa-car'),
(8, 'linge de maison', 'fas fa-tshirt'),
(9, 'cafetière', 'fas fa-coffee'),
(10, 'climatisation', 'fas fa-temperature-low'),
(11, 'vaiselle', 'fas fa-utensils');

-- --------------------------------------------------------

--
-- Structure de la table `options_by_hebergement`
--

DROP TABLE IF EXISTS `options_by_hebergement`;
CREATE TABLE IF NOT EXISTS `options_by_hebergement` (
  `idHebergement` int(11) NOT NULL,
  `idOption` int(11) NOT NULL,
  PRIMARY KEY (`idHebergement`,`idOption`)
) ENGINE=MyISAM DEFAULT CHARSET=latin1;

--
-- Déchargement des données de la table `options_by_hebergement`
--

INSERT INTO `options_by_hebergement` (`idHebergement`, `idOption`) VALUES
(1, 1),
(1, 2),
(1, 4),
(1, 5),
(1, 6),
(1, 7),
(1, 8),
(1, 10),
(1, 11),
(2, 1),
(2, 2),
(2, 3),
(2, 4),
(2, 5),
(2, 6),
(2, 7),
(2, 8),
(2, 9),
(2, 10),
(2, 11),
(3, 1),
(3, 2),
(3, 3),
(3, 4),
(3, 5),
(3, 6),
(3, 7),
(4, 7),
(4, 8),
(4, 9),
(4, 10),
(4, 11),
(5, 1),
(5, 2),
(5, 3),
(5, 4),
(5, 5),
(5, 6),
(5, 7),
(5, 8),
(6, 2),
(6, 3),
(6, 4),
(6, 5),
(6, 6),
(6, 7),
(6, 8),
(7, 1),
(7, 2),
(7, 3),
(7, 4),
(7, 5),
(7, 6),
(7, 7),
(7, 8),
(7, 9),
(7, 10),
(7, 11),
(8, 1),
(8, 2),
(8, 3),
(8, 4),
(8, 5),
(8, 6),
(8, 7),
(8, 8),
(8, 9),
(8, 10),
(8, 11),
(9, 1),
(9, 2),
(9, 3),
(9, 4),
(9, 5),
(9, 6),
(9, 7),
(9, 8),
(9, 9),
(9, 10),
(9, 11),
(10, 1),
(10, 2),
(10, 3),
(10, 4),
(10, 5),
(10, 6),
(10, 7),
(10, 8),
(10, 9),
(10, 10),
(10, 11),
(11, 2),
(11, 3),
(11, 4),
(11, 5),
(11, 6),
(11, 8),
(11, 9),
(11, 10),
(11, 11),
(12, 1),
(12, 2),
(12, 3),
(12, 4),
(12, 5),
(12, 6),
(12, 7),
(12, 8),
(12, 9),
(13, 1),
(13, 2),
(13, 3),
(13, 4),
(13, 5),
(13, 6),
(13, 7),
(13, 8),
(13, 9),
(13, 10),
(13, 11),
(14, 1),
(14, 2),
(14, 3),
(14, 4),
(14, 5),
(14, 6),
(14, 7),
(14, 8),
(14, 9),
(14, 10),
(14, 11),
(15, 1),
(15, 2),
(15, 3),
(15, 4),
(15, 5),
(15, 6),
(15, 7),
(15, 8),
(15, 9),
(15, 10),
(15, 11),
(16, 1),
(16, 3),
(16, 4),
(16, 5),
(16, 6),
(16, 9),
(16, 10),
(16, 11),
(17, 4),
(17, 5),
(17, 6),
(17, 9),
(17, 11),
(18, 1),
(18, 2),
(18, 3),
(18, 4),
(18, 5),
(18, 6),
(18, 8),
(18, 9),
(18, 10),
(18, 11),
(19, 1),
(19, 4),
(19, 5),
(19, 6),
(19, 9),
(19, 10),
(19, 11),
(20, 1),
(20, 2),
(20, 4),
(20, 5),
(20, 6),
(20, 9),
(20, 10),
(21, 1),
(21, 2),
(21, 3),
(21, 5),
(21, 6),
(21, 8),
(21, 9),
(21, 10),
(22, 2),
(22, 3),
(22, 4),
(22, 5),
(22, 7),
(22, 8),
(22, 9),
(22, 10),
(22, 11),
(23, 1),
(23, 3),
(23, 4),
(23, 6),
(23, 8),
(23, 10),
(24, 1),
(24, 3),
(24, 5),
(24, 6),
(24, 10),
(24, 11),
(25, 1),
(25, 2),
(25, 4),
(25, 5),
(25, 6),
(25, 7),
(25, 10),
(25, 11),
(26, 9),
(27, 1),
(28, 1),
(28, 2),
(28, 3),
(28, 6),
(28, 7),
(28, 9),
(28, 10),
(28, 11),
(40, 1),
(40, 3),
(40, 6),
(40, 8),
(41, 1),
(41, 5),
(42, 1),
(42, 5),
(42, 8),
(42, 10);

-- --------------------------------------------------------

--
-- Structure de la table `regions`
--

DROP TABLE IF EXISTS `regions`;
CREATE TABLE IF NOT EXISTS `regions` (
  `idRegion` int(11) NOT NULL AUTO_INCREMENT,
  `libelle` varchar(255) NOT NULL,
  `latitude` float DEFAULT NULL,
  `longitude` float DEFAULT NULL,
  `lv_zoom` int(11) DEFAULT '8',
  `description` text,
  PRIMARY KEY (`idRegion`)
) ENGINE=MyISAM AUTO_INCREMENT=24 DEFAULT CHARSET=latin1;

--
-- Déchargement des données de la table `regions`
--

INSERT INTO `regions` (`idRegion`, `libelle`, `latitude`, `longitude`, `lv_zoom`, `description`) VALUES
(2, 'Pays de la Loire', 47.2633, -0.329969, 8, 'La région des Pays de la Loire est située à l\'ouest de la France et bordée par le golfe de Gascogne. Elle comprend une partie de la vallée de la Loire, renommée pour ses vignobles. Parmi les imposants châteaux de la vallée, citons le château de Saumur, un fort médiéval perché sur une colline abritant un musée dédié à la ville, et celui de Brissac, doté de 7 étages et à la décoration d\'époque. Nantes, la préfecture de la région, compte le château à douves des ducs de Bretagne, transformé en musée.'),
(1, 'Bretagne', 48.2347, -2.87842, 8, 'La Bretagne, une région située à l’extrême ouest de la France, est une péninsule vallonnée qui s’avance dans l’océan Atlantique. Sa côte sauvage s’étend sur des kilomètres : on y trouve des stations balnéaires comme la ville chic de Dinard ou la ville fortifiée de Saint-Malo, construite sur la Manche. La côte de granit rose est un lieu convoité pour les teintes uniques que prennent le sable et les roches. La Bretagne dispose également d’un grand nombre de menhirs (sorte de mégalithe) datant de la préhistoire....'),
(3, 'Centre-Val de Loire', 47.4035, 1.7688, 8, 'La région Centre-Val de Loire est traversée par la vallée de la Loire caractérisée par ses terres agricoles et ses châteaux somptueux. C\'est également une grande région vinicole connue surtout pour ses vins blancs tels que le Sancerre et le Pouilly-Fumé. La vallée de la Loire est relativement plate et sillonnée de pistes cyclables dont l\'itinéraire cyclotouristique de 800 km de long : La Loire à Vélo.'),
(22, 'Nouvelle-Aquitaine', 44.7002, -0.299578, 8, 'Première région en termes d’emplois touristiques, elle bénéficie de la présence d’une vaste façade océanique allant des îles charentaises à l’embouchure de la Bidassoa, aux portes de l’Espagne, en passant par l’estuaire de la Gironde (plus grand estuaire sauvage d’Europe) et le Bassin d\'Arcachon. Ses plages, exposées à la houle, sont fréquentées chaque été par des millions de vacanciers, et sont également un haut-lieu du surf, dont certains spots, sur la côte basque ou sur l’île de Ré, jouissent d’une solide réputation.');

-- --------------------------------------------------------

--
-- Structure de la table `reservations_hebergement`
--

DROP TABLE IF EXISTS `reservations_hebergement`;
CREATE TABLE IF NOT EXISTS `reservations_hebergement` (
  `idReservationHebergement` int(11) NOT NULL AUTO_INCREMENT,
  `code_reservation` varchar(100) NOT NULL,
  `prix` decimal(7,2) NOT NULL,
  `dateDebut` date DEFAULT NULL,
  `dateFin` date DEFAULT NULL,
  `nbJours` int(11) DEFAULT NULL,
  `idUtilisateur` int(11) NOT NULL,
  `idVoyage` int(11) NOT NULL,
  `idHebergement` int(11) DEFAULT NULL,
  PRIMARY KEY (`idReservationHebergement`)
) ENGINE=MyISAM AUTO_INCREMENT=1135 DEFAULT CHARSET=latin1;

--
-- Déchargement des données de la table `reservations_hebergement`
--

INSERT INTO `reservations_hebergement` (`idReservationHebergement`, `code_reservation`, `prix`, `dateDebut`, `dateFin`, `nbJours`, `idUtilisateur`, `idVoyage`, `idHebergement`) VALUES
(1, 'HEB737801127', '328.35', '2020-09-23', '2020-09-28', 5, 4, 1, 22),
(2, 'HEB524565654', '447.30', '2020-09-28', '2020-10-03', 5, 4, 1, 2),
(3, 'HEB293377067', '345.15', '2020-10-03', '2020-10-08', 5, 4, 1, 25),
(4, 'HEB483799041', '495.00', '2020-10-08', '2020-10-13', 5, 4, 1, 23),
(5, 'HEB297468346', '345.15', '2020-10-13', '2020-10-18', 5, 4, 1, 25),
(6, 'HEB651893600', '447.30', '2021-10-09', '2021-10-14', 5, 4, 2, 2),
(7, 'HEB388570738', '340.30', '2021-10-14', '2021-10-19', 5, 4, 2, 18),
(8, 'HEB457815543', '515.00', '2021-10-19', '2021-10-24', 5, 4, 2, 8),
(9, 'HEB279642904', '345.15', '2021-10-24', '2021-10-29', 5, 4, 2, 25),
(10, 'HEB582836835', '495.00', '2021-10-29', '2021-11-03', 5, 4, 2, 23),
(11, 'HEB858005975', '345.15', '2019-03-13', '2019-03-18', 5, 4, 3, 25),
(12, 'HEB492710239', '440.75', '2019-03-18', '2019-03-23', 5, 4, 3, 26),
(13, 'HEB710064975', '447.30', '2019-03-23', '2019-03-28', 5, 4, 3, 2),
(14, 'HEB186886514', '318.90', '2019-03-28', '2019-04-02', 5, 4, 3, 6),
(15, 'HEB834911893', '352.25', '2019-04-02', '2019-04-07', 5, 4, 3, 1),
(16, 'HEB358044295', '294.95', '2019-05-05', '2019-05-10', 5, 4, 4, 5),
(17, 'HEB948873632', '345.15', '2019-05-10', '2019-05-15', 5, 4, 4, 25),
(18, 'HEB737142198', '294.95', '2019-05-15', '2019-05-20', 5, 4, 4, 5),
(19, 'HEB200119831', '318.90', '2019-05-20', '2019-05-25', 5, 4, 4, 6),
(20, 'HEB680083444', '515.00', '2019-05-25', '2019-05-30', 5, 4, 4, 8),
(21, 'HEB187780919', '121.65', '2021-09-15', '2021-09-20', 5, 4, 5, 9),
(22, 'HEB986927905', '345.15', '2021-09-20', '2021-09-25', 5, 4, 5, 25),
(23, 'HEB594115779', '328.35', '2021-09-25', '2021-09-30', 5, 4, 5, 22),
(24, 'HEB316306402', '783.25', '2021-09-30', '2021-10-05', 5, 4, 5, 15),
(25, 'HEB645344982', '225.30', '2021-10-05', '2021-10-10', 5, 4, 5, 12),
(26, 'HEB837943657', '440.75', '2020-10-14', '2020-10-19', 5, 5, 6, 26),
(27, 'HEB592377982', '352.25', '2020-10-19', '2020-10-24', 5, 5, 6, 1),
(28, 'HEB301520825', '783.25', '2020-10-24', '2020-10-29', 5, 5, 6, 15),
(29, 'HEB179194058', '330.05', '2020-10-29', '2020-11-03', 5, 5, 6, 11),
(30, 'HEB680856065', '330.05', '2020-11-03', '2020-11-08', 5, 5, 6, 11),
(31, 'HEB883006010', '121.65', '2019-08-20', '2019-08-25', 5, 5, 7, 9),
(32, 'HEB152218278', '495.00', '2019-08-25', '2019-08-30', 5, 5, 7, 23),
(33, 'HEB127001183', '750.00', '2019-08-30', '2019-09-04', 5, 5, 7, 13),
(34, 'HEB522283351', '750.00', '2019-09-04', '2019-09-09', 5, 5, 7, 13),
(35, 'HEB399082570', '215.85', '2019-09-09', '2019-09-14', 5, 5, 7, 24),
(36, 'HEB784851521', '215.85', '2020-02-23', '2020-02-28', 5, 5, 8, 24),
(37, 'HEB798900649', '447.30', '2020-02-28', '2020-03-04', 5, 5, 8, 2),
(38, 'HEB789041731', '318.90', '2020-03-04', '2020-03-09', 5, 5, 8, 6),
(39, 'HEB463600539', '390.40', '2020-03-09', '2020-03-14', 5, 5, 8, 19),
(40, 'HEB843873528', '352.25', '2020-03-14', '2020-03-19', 5, 5, 8, 1),
(41, 'HEB221818050', '215.85', '2021-07-24', '2021-07-29', 5, 5, 9, 24),
(42, 'HEB534606291', '783.25', '2021-07-29', '2021-08-03', 5, 5, 9, 15),
(43, 'HEB392209137', '440.75', '2021-08-03', '2021-08-08', 5, 5, 9, 26),
(44, 'HEB801241075', '390.40', '2021-08-08', '2021-08-13', 5, 5, 9, 19),
(45, 'HEB597685602', '390.40', '2021-08-13', '2021-08-18', 5, 5, 9, 19),
(46, 'HEB816038582', '783.25', '2021-07-21', '2021-07-26', 5, 5, 10, 15),
(47, 'HEB673026861', '345.15', '2021-07-26', '2021-07-31', 5, 5, 10, 25),
(48, 'HEB114141883', '245.05', '2021-07-31', '2021-08-05', 5, 5, 10, 20),
(49, 'HEB366965988', '215.85', '2021-08-05', '2021-08-10', 5, 5, 10, 24),
(50, 'HEB535972888', '318.90', '2021-08-10', '2021-08-15', 5, 5, 10, 6),
(51, 'HEB691799439', '390.40', '2019-12-05', '2019-12-10', 5, 6, 11, 19),
(52, 'HEB207415151', '500.40', '2019-12-10', '2019-12-15', 5, 6, 11, 7),
(53, 'HEB539663912', '121.65', '2019-12-15', '2019-12-20', 5, 6, 11, 9),
(54, 'HEB736090030', '515.00', '2019-12-20', '2019-12-25', 5, 6, 11, 8),
(55, 'HEB686663501', '245.05', '2019-12-25', '2019-12-30', 5, 6, 11, 20),
(56, 'HEB590957503', '495.00', '2019-07-22', '2019-07-27', 5, 6, 12, 23),
(57, 'HEB836402708', '1285.10', '2019-07-27', '2019-08-01', 5, 6, 12, 17),
(58, 'HEB598266457', '225.30', '2019-08-01', '2019-08-06', 5, 6, 12, 12),
(59, 'HEB465349017', '245.05', '2019-08-06', '2019-08-11', 5, 6, 12, 20),
(60, 'HEB587253214', '318.90', '2019-08-11', '2019-08-16', 5, 6, 12, 6),
(61, 'HEB271969252', '330.05', '2020-09-21', '2020-09-26', 5, 6, 13, 11),
(62, 'HEB794554114', '500.40', '2020-09-26', '2020-10-01', 5, 6, 13, 7),
(63, 'HEB364945172', '500.40', '2020-10-01', '2020-10-06', 5, 6, 13, 7),
(64, 'HEB327056756', '375.70', '2020-10-06', '2020-10-11', 5, 6, 13, 10),
(65, 'HEB650399644', '282.25', '2020-10-11', '2020-10-16', 5, 6, 13, 14),
(66, 'HEB878900125', '750.00', '2020-10-19', '2020-10-24', 5, 6, 14, 13),
(67, 'HEB149974979', '431.10', '2020-10-24', '2020-10-29', 5, 6, 14, 16),
(68, 'HEB108568007', '500.40', '2020-10-29', '2020-11-03', 5, 6, 14, 7),
(69, 'HEB511224694', '1285.10', '2020-11-03', '2020-11-08', 5, 6, 14, 17),
(70, 'HEB728526994', '225.30', '2020-11-08', '2020-11-13', 5, 6, 14, 12),
(71, 'HEB184304810', '121.65', '2021-06-29', '2021-07-04', 5, 6, 15, 9),
(72, 'HEB950809383', '225.30', '2021-07-04', '2021-07-09', 5, 6, 15, 12),
(73, 'HEB999138011', '328.35', '2021-07-09', '2021-07-14', 5, 6, 15, 22),
(74, 'HEB492039424', '225.30', '2021-07-14', '2021-07-19', 5, 6, 15, 12),
(75, 'HEB337563700', '431.10', '2021-07-19', '2021-07-24', 5, 6, 15, 16),
(76, 'HEB858002448', '245.05', '2021-07-12', '2021-07-17', 5, 7, 16, 20),
(77, 'HEB785258186', '245.05', '2021-07-17', '2021-07-22', 5, 7, 16, 20),
(78, 'HEB470107477', '318.90', '2021-07-22', '2021-07-27', 5, 7, 16, 6),
(79, 'HEB322286479', '500.40', '2021-07-27', '2021-08-01', 5, 7, 16, 7),
(80, 'HEB534611142', '328.35', '2021-08-01', '2021-08-06', 5, 7, 16, 22),
(81, 'HEB135057331', '495.00', '2021-02-13', '2021-02-18', 5, 7, 17, 23),
(82, 'HEB655123490', '439.95', '2021-02-18', '2021-02-23', 5, 7, 17, 21),
(83, 'HEB198870070', '440.75', '2021-02-23', '2021-02-28', 5, 7, 17, 26),
(84, 'HEB741963735', '245.05', '2021-02-28', '2021-03-05', 5, 7, 17, 20),
(85, 'HEB707176623', '121.65', '2021-03-05', '2021-03-10', 5, 7, 17, 9),
(86, 'HEB849082202', '440.75', '2020-05-24', '2020-05-29', 5, 7, 18, 26),
(87, 'HEB438027177', '500.40', '2020-05-29', '2020-06-03', 5, 7, 18, 7),
(88, 'HEB810074241', '750.00', '2020-06-03', '2020-06-08', 5, 7, 18, 13),
(89, 'HEB987427384', '294.95', '2020-06-08', '2020-06-13', 5, 7, 18, 5),
(90, 'HEB194614474', '390.40', '2020-06-13', '2020-06-18', 5, 7, 18, 19),
(91, 'HEB334622742', '215.85', '2019-12-04', '2019-12-09', 5, 7, 19, 24),
(92, 'HEB491422860', '440.75', '2019-12-09', '2019-12-14', 5, 7, 19, 26),
(93, 'HEB340675512', '500.40', '2019-12-14', '2019-12-19', 5, 7, 19, 7),
(94, 'HEB987601050', '495.00', '2019-12-19', '2019-12-24', 5, 7, 19, 23),
(95, 'HEB495547646', '330.05', '2019-12-24', '2019-12-29', 5, 7, 19, 11),
(96, 'HEB569213566', '225.30', '2019-03-10', '2019-03-15', 5, 7, 20, 12),
(97, 'HEB169219481', '447.30', '2019-03-15', '2019-03-20', 5, 7, 20, 2),
(98, 'HEB870961871', '183.35', '2019-03-20', '2019-03-25', 5, 7, 20, 3),
(99, 'HEB991654409', '440.75', '2019-03-25', '2019-03-30', 5, 7, 20, 26),
(100, 'HEB709708928', '340.30', '2019-03-30', '2019-04-04', 5, 7, 20, 18),
(101, 'HEB430029792', '225.30', '2019-02-16', '2019-02-21', 5, 8, 21, 12),
(102, 'HEB687968315', '390.40', '2019-02-21', '2019-02-26', 5, 8, 21, 19),
(103, 'HEB720968775', '282.25', '2019-02-26', '2019-03-03', 5, 8, 21, 14),
(104, 'HEB203289553', '447.30', '2019-03-03', '2019-03-08', 5, 8, 21, 2),
(105, 'HEB778651125', '515.00', '2019-03-08', '2019-03-13', 5, 8, 21, 8),
(106, 'HEB687271990', '345.15', '2020-06-16', '2020-06-21', 5, 8, 22, 25),
(107, 'HEB482688239', '750.00', '2020-06-21', '2020-06-26', 5, 8, 22, 13),
(108, 'HEB659472773', '750.00', '2020-06-26', '2020-07-01', 5, 8, 22, 13),
(109, 'HEB789393435', '515.00', '2020-07-01', '2020-07-06', 5, 8, 22, 8),
(110, 'HEB314985503', '439.95', '2020-07-06', '2020-07-11', 5, 8, 22, 21),
(111, 'HEB961806315', '440.75', '2021-04-29', '2021-05-04', 5, 8, 23, 26),
(112, 'HEB638216111', '245.05', '2021-05-04', '2021-05-09', 5, 8, 23, 20),
(113, 'HEB764494340', '318.90', '2021-05-09', '2021-05-14', 5, 8, 23, 6),
(114, 'HEB550069285', '447.30', '2021-05-14', '2021-05-19', 5, 8, 23, 2),
(115, 'HEB222172384', '515.00', '2021-05-19', '2021-05-24', 5, 8, 23, 8),
(116, 'HEB937738011', '282.25', '2020-06-07', '2020-06-12', 5, 8, 24, 14),
(117, 'HEB460214421', '121.65', '2020-06-12', '2020-06-17', 5, 8, 24, 9),
(118, 'HEB911319628', '750.00', '2020-06-17', '2020-06-22', 5, 8, 24, 13),
(119, 'HEB668747932', '245.05', '2020-06-22', '2020-06-27', 5, 8, 24, 20),
(120, 'HEB856780446', '515.00', '2020-06-27', '2020-07-02', 5, 8, 24, 8),
(121, 'HEB224912915', '330.05', '2020-11-11', '2020-11-16', 5, 8, 25, 11),
(122, 'HEB796782936', '447.30', '2020-11-16', '2020-11-21', 5, 8, 25, 2),
(123, 'HEB295650219', '318.90', '2020-11-21', '2020-11-26', 5, 8, 25, 6),
(124, 'HEB247314425', '750.00', '2020-11-26', '2020-12-01', 5, 8, 25, 13),
(125, 'HEB420977659', '215.85', '2020-12-01', '2020-12-06', 5, 8, 25, 24),
(126, 'HEB820535569', '300.24', '2021-05-30', '2021-06-02', 3, 4, 26, 7),
(127, 'HEB526630425', '258.66', '2021-06-02', '2021-06-05', 3, 4, 26, 16),
(128, 'HEB113934386', '225.42', '2021-06-05', '2021-06-08', 3, 4, 26, 10),
(129, 'HEB499826172', '450.00', '2021-06-08', '2021-06-11', 3, 4, 26, 13),
(130, 'HEB350736175', '297.00', '2021-06-11', '2021-06-14', 3, 4, 26, 23),
(131, 'HEB188423736', '176.97', '2021-08-28', '2021-08-31', 3, 4, 27, 5),
(132, 'HEB875796777', '176.97', '2021-08-31', '2021-09-03', 3, 4, 27, 5),
(133, 'HEB319007197', '198.03', '2021-09-03', '2021-09-06', 3, 4, 27, 11),
(134, 'HEB977588348', '176.97', '2021-09-06', '2021-09-09', 3, 4, 27, 5),
(135, 'HEB260530237', '234.24', '2021-09-09', '2021-09-12', 3, 4, 27, 19),
(136, 'HEB829700421', '135.18', '2021-11-10', '2021-11-13', 3, 4, 28, 12),
(137, 'HEB206204555', '191.34', '2021-11-13', '2021-11-16', 3, 4, 28, 6),
(138, 'HEB611401237', '211.35', '2021-11-16', '2021-11-19', 3, 4, 28, 1),
(139, 'HEB299144832', '309.00', '2021-11-19', '2021-11-22', 3, 4, 28, 8),
(140, 'HEB186126734', '176.97', '2021-11-22', '2021-11-25', 3, 4, 28, 5),
(141, 'HEB149055554', '300.24', '2021-08-18', '2021-08-21', 3, 4, 29, 7),
(142, 'HEB676607429', '72.99', '2021-08-21', '2021-08-24', 3, 4, 29, 9),
(143, 'HEB884432059', '268.38', '2021-08-24', '2021-08-27', 3, 4, 29, 2),
(144, 'HEB136926680', '309.00', '2021-08-27', '2021-08-30', 3, 4, 29, 8),
(145, 'HEB455565602', '129.51', '2021-08-30', '2021-09-02', 3, 4, 29, 24),
(146, 'HEB986576942', '72.99', '2022-09-28', '2022-10-01', 3, 4, 30, 9),
(147, 'HEB335400931', '72.99', '2022-10-01', '2022-10-04', 3, 4, 30, 9),
(148, 'HEB978571392', '268.38', '2022-10-04', '2022-10-07', 3, 4, 30, 2),
(149, 'HEB142402645', '268.38', '2022-10-07', '2022-10-10', 3, 4, 30, 2),
(150, 'HEB587293058', '264.45', '2022-10-10', '2022-10-13', 3, 4, 30, 26),
(151, 'HEB301103239', '204.18', '2022-09-14', '2022-09-17', 3, 4, 31, 18),
(152, 'HEB140710175', '225.42', '2022-09-17', '2022-09-20', 3, 4, 31, 10),
(153, 'HEB510872069', '309.00', '2022-09-20', '2022-09-23', 3, 4, 31, 8),
(154, 'HEB374010043', '297.00', '2022-09-23', '2022-09-26', 3, 4, 31, 23),
(155, 'HEB201046563', '211.35', '2022-09-26', '2022-09-29', 3, 4, 31, 1),
(156, 'HEB252263732', '207.09', '2022-02-27', '2022-03-02', 3, 4, 32, 25),
(157, 'HEB787484109', '268.38', '2022-03-02', '2022-03-05', 3, 4, 32, 2),
(158, 'HEB429398162', '264.45', '2022-03-05', '2022-03-08', 3, 4, 32, 26),
(159, 'HEB793192276', '469.95', '2022-03-08', '2022-03-11', 3, 4, 32, 15),
(160, 'HEB156864801', '129.51', '2022-03-11', '2022-03-14', 3, 4, 32, 24),
(161, 'HEB403348203', '309.00', '2022-09-04', '2022-09-07', 3, 4, 33, 8),
(162, 'HEB562069055', '204.18', '2022-09-07', '2022-09-10', 3, 4, 33, 18),
(163, 'HEB114473757', '297.00', '2022-09-10', '2022-09-13', 3, 4, 33, 23),
(164, 'HEB931382612', '258.66', '2022-09-13', '2022-09-16', 3, 4, 33, 16),
(165, 'HEB685649334', '211.35', '2022-09-16', '2022-09-19', 3, 4, 33, 1),
(166, 'HEB106308862', '204.18', '2022-05-19', '2022-05-22', 3, 4, 34, 18),
(167, 'HEB275340493', '771.06', '2022-05-22', '2022-05-25', 3, 4, 34, 17),
(168, 'HEB230025464', '771.06', '2022-05-25', '2022-05-28', 3, 4, 34, 17),
(169, 'HEB908924130', '135.18', '2022-05-28', '2022-05-31', 3, 4, 34, 12),
(170, 'HEB681162932', '297.00', '2022-05-31', '2022-06-03', 3, 4, 34, 23),
(171, 'HEB130613645', '297.00', '2021-05-09', '2021-05-12', 3, 4, 35, 23),
(172, 'HEB731977009', '469.95', '2021-05-12', '2021-05-15', 3, 4, 35, 15),
(173, 'HEB362378171', '268.38', '2021-05-15', '2021-05-18', 3, 4, 35, 2),
(174, 'HEB285360757', '204.18', '2021-05-18', '2021-05-21', 3, 4, 35, 18),
(175, 'HEB680385918', '225.42', '2021-05-21', '2021-05-24', 3, 4, 35, 10),
(176, 'HEB955096892', '169.35', '2022-12-21', '2022-12-24', 3, 5, 36, 14),
(177, 'HEB564028161', '176.97', '2022-12-24', '2022-12-27', 3, 5, 36, 5),
(178, 'HEB288389107', '264.45', '2022-12-27', '2022-12-30', 3, 5, 36, 26),
(179, 'HEB124075913', '297.00', '2022-12-30', '2023-01-02', 3, 5, 36, 23),
(180, 'HEB668505094', '197.01', '2023-01-02', '2023-01-05', 3, 5, 36, 22),
(181, 'HEB968442826', '211.35', '2022-09-23', '2022-09-26', 3, 5, 37, 1),
(182, 'HEB101725484', '300.24', '2022-09-26', '2022-09-29', 3, 5, 37, 7),
(183, 'HEB587863441', '264.45', '2022-09-29', '2022-10-02', 3, 5, 37, 26),
(184, 'HEB169500253', '198.03', '2022-10-02', '2022-10-05', 3, 5, 37, 11),
(185, 'HEB278464392', '135.18', '2022-10-05', '2022-10-08', 3, 5, 37, 12),
(186, 'HEB446766093', '234.24', '2021-10-15', '2021-10-18', 3, 5, 38, 19),
(187, 'HEB934256327', '169.35', '2021-10-18', '2021-10-21', 3, 5, 38, 14),
(188, 'HEB798767703', '258.66', '2021-10-21', '2021-10-24', 3, 5, 38, 16),
(189, 'HEB137366957', '264.45', '2021-10-24', '2021-10-27', 3, 5, 38, 26),
(190, 'HEB556140139', '135.18', '2021-10-27', '2021-10-30', 3, 5, 38, 12),
(191, 'HEB449081028', '450.00', '2022-12-26', '2022-12-29', 3, 5, 39, 13),
(192, 'HEB625644601', '225.42', '2022-12-29', '2023-01-01', 3, 5, 39, 10),
(193, 'HEB375305421', '450.00', '2023-01-01', '2023-01-04', 3, 5, 39, 13),
(194, 'HEB947222312', '135.18', '2023-01-04', '2023-01-07', 3, 5, 39, 12),
(195, 'HEB701902884', '297.00', '2023-01-07', '2023-01-10', 3, 5, 39, 23),
(196, 'HEB642688309', '147.03', '2022-09-08', '2022-09-11', 3, 5, 40, 20),
(197, 'HEB502831270', '469.95', '2022-09-11', '2022-09-14', 3, 5, 40, 15),
(198, 'HEB688284583', '309.00', '2022-09-14', '2022-09-17', 3, 5, 40, 8),
(199, 'HEB280184217', '225.42', '2022-09-17', '2022-09-20', 3, 5, 40, 10),
(200, 'HEB999513791', '211.35', '2022-09-20', '2022-09-23', 3, 5, 40, 1),
(201, 'HEB302956440', '309.00', '2021-10-05', '2021-10-08', 3, 5, 41, 8),
(202, 'HEB684242738', '204.18', '2021-10-08', '2021-10-11', 3, 5, 41, 18),
(203, 'HEB478224952', '135.18', '2021-10-11', '2021-10-14', 3, 5, 41, 12),
(204, 'HEB115135794', '225.42', '2021-10-14', '2021-10-17', 3, 5, 41, 10),
(205, 'HEB521898873', '309.00', '2021-10-17', '2021-10-20', 3, 5, 41, 8),
(206, 'HEB247358293', '450.00', '2021-12-15', '2021-12-18', 3, 5, 42, 13),
(207, 'HEB104242740', '771.06', '2021-12-18', '2021-12-21', 3, 5, 42, 17),
(208, 'HEB543649008', '309.00', '2021-12-21', '2021-12-24', 3, 5, 42, 8),
(209, 'HEB774166558', '207.09', '2021-12-24', '2021-12-27', 3, 5, 42, 25),
(210, 'HEB489184394', '110.01', '2021-12-27', '2021-12-30', 3, 5, 42, 3),
(211, 'HEB156550780', '297.00', '2022-10-19', '2022-10-22', 3, 5, 43, 23),
(212, 'HEB212610972', '225.42', '2022-10-22', '2022-10-25', 3, 5, 43, 10),
(213, 'HEB380779801', '264.45', '2022-10-25', '2022-10-28', 3, 5, 43, 26),
(214, 'HEB199283752', '268.38', '2022-10-28', '2022-10-31', 3, 5, 43, 2),
(215, 'HEB545467262', '129.51', '2022-10-31', '2022-11-03', 3, 5, 43, 24),
(216, 'HEB503997062', '135.18', '2021-07-23', '2021-07-26', 3, 5, 44, 12),
(217, 'HEB305594426', '135.18', '2021-07-26', '2021-07-29', 3, 5, 44, 12),
(218, 'HEB410827663', '225.42', '2021-07-29', '2021-08-01', 3, 5, 44, 10),
(219, 'HEB391187095', '191.34', '2021-08-01', '2021-08-04', 3, 5, 44, 6),
(220, 'HEB573290688', '469.95', '2021-08-04', '2021-08-07', 3, 5, 44, 15),
(221, 'HEB875858919', '297.00', '2022-09-29', '2022-10-02', 3, 5, 45, 23),
(222, 'HEB498275574', '225.42', '2022-10-02', '2022-10-05', 3, 5, 45, 10),
(223, 'HEB466896195', '135.18', '2022-10-05', '2022-10-08', 3, 5, 45, 12),
(224, 'HEB951857303', '191.34', '2022-10-08', '2022-10-11', 3, 5, 45, 6),
(225, 'HEB849163344', '450.00', '2022-10-11', '2022-10-14', 3, 5, 45, 13),
(226, 'HEB369419431', '72.99', '2021-12-23', '2021-12-26', 3, 6, 46, 9),
(227, 'HEB123833450', '264.45', '2021-12-26', '2021-12-29', 3, 6, 46, 26),
(228, 'HEB291750532', '129.51', '2021-12-29', '2022-01-01', 3, 6, 46, 24),
(229, 'HEB376353619', '204.18', '2022-01-01', '2022-01-04', 3, 6, 46, 18),
(230, 'HEB780045105', '263.97', '2022-01-04', '2022-01-07', 3, 6, 46, 21),
(231, 'HEB246271133', '204.18', '2021-12-31', '2022-01-03', 3, 6, 47, 18),
(232, 'HEB311486717', '147.03', '2022-01-03', '2022-01-06', 3, 6, 47, 20),
(233, 'HEB956893293', '234.24', '2022-01-06', '2022-01-09', 3, 6, 47, 19),
(234, 'HEB193049206', '469.95', '2022-01-09', '2022-01-12', 3, 6, 47, 15),
(235, 'HEB518671042', '191.34', '2022-01-12', '2022-01-15', 3, 6, 47, 6),
(236, 'HEB765861627', '211.35', '2022-11-17', '2022-11-20', 3, 6, 48, 1),
(237, 'HEB427043755', '469.95', '2022-11-20', '2022-11-23', 3, 6, 48, 15),
(238, 'HEB232132413', '450.00', '2022-11-23', '2022-11-26', 3, 6, 48, 13),
(239, 'HEB747478419', '225.42', '2022-11-26', '2022-11-29', 3, 6, 48, 10),
(240, 'HEB732462414', '129.51', '2022-11-29', '2022-12-02', 3, 6, 48, 24),
(241, 'HEB917104666', '263.97', '2022-02-27', '2022-03-02', 3, 6, 49, 21),
(242, 'HEB759437258', '204.18', '2022-03-02', '2022-03-05', 3, 6, 49, 18),
(243, 'HEB747428954', '264.45', '2022-03-05', '2022-03-08', 3, 6, 49, 26),
(244, 'HEB332575822', '72.99', '2022-03-08', '2022-03-11', 3, 6, 49, 9),
(245, 'HEB883592109', '176.97', '2022-03-11', '2022-03-14', 3, 6, 49, 5),
(246, 'HEB284596784', '264.45', '2021-01-12', '2021-01-15', 3, 6, 50, 26),
(247, 'HEB118410403', '263.97', '2021-01-15', '2021-01-18', 3, 6, 50, 21),
(248, 'HEB104794894', '207.09', '2021-01-18', '2021-01-21', 3, 6, 50, 25),
(249, 'HEB653513523', '211.35', '2021-01-21', '2021-01-24', 3, 6, 50, 1),
(250, 'HEB502188753', '300.24', '2021-01-24', '2021-01-27', 3, 6, 50, 7),
(251, 'HEB365307094', '771.06', '2022-09-14', '2022-09-17', 3, 6, 51, 17),
(252, 'HEB809321700', '268.38', '2022-09-17', '2022-09-20', 3, 6, 51, 2),
(253, 'HEB894116835', '258.66', '2022-09-20', '2022-09-23', 3, 6, 51, 16),
(254, 'HEB483660001', '169.35', '2022-09-23', '2022-09-26', 3, 6, 51, 14),
(255, 'HEB879421236', '135.18', '2022-09-26', '2022-09-29', 3, 6, 51, 12),
(256, 'HEB304813219', '263.97', '2022-09-08', '2022-09-11', 3, 6, 52, 21),
(257, 'HEB158615038', '135.18', '2022-09-11', '2022-09-14', 3, 6, 52, 12),
(258, 'HEB412169629', '309.00', '2022-09-14', '2022-09-17', 3, 6, 52, 8),
(259, 'HEB252756911', '207.09', '2022-09-17', '2022-09-20', 3, 6, 52, 25),
(260, 'HEB326883142', '297.00', '2022-09-20', '2022-09-23', 3, 6, 52, 23),
(261, 'HEB991540867', '207.09', '2021-08-21', '2021-08-24', 3, 6, 53, 25),
(262, 'HEB480661607', '204.18', '2021-08-24', '2021-08-27', 3, 6, 53, 18),
(263, 'HEB356152621', '110.01', '2021-08-27', '2021-08-30', 3, 6, 53, 3),
(264, 'HEB886976244', '176.97', '2021-08-30', '2021-09-02', 3, 6, 53, 5),
(265, 'HEB971196007', '450.00', '2021-09-02', '2021-09-05', 3, 6, 53, 13),
(266, 'HEB220449965', '135.18', '2021-04-09', '2021-04-12', 3, 6, 54, 12),
(267, 'HEB922065008', '198.03', '2021-04-12', '2021-04-15', 3, 6, 54, 11),
(268, 'HEB944883688', '263.97', '2021-04-15', '2021-04-18', 3, 6, 54, 21),
(269, 'HEB957796594', '211.35', '2021-04-18', '2021-04-21', 3, 6, 54, 1),
(270, 'HEB445861176', '309.00', '2021-04-21', '2021-04-24', 3, 6, 54, 8),
(271, 'HEB280480205', '110.01', '2022-03-19', '2022-03-22', 3, 6, 55, 3),
(272, 'HEB767754901', '147.03', '2022-03-22', '2022-03-25', 3, 6, 55, 20),
(273, 'HEB850555691', '207.09', '2022-03-25', '2022-03-28', 3, 6, 55, 25),
(274, 'HEB907653235', '129.51', '2022-03-28', '2022-03-31', 3, 6, 55, 24),
(275, 'HEB164343423', '204.18', '2022-03-31', '2022-04-03', 3, 6, 55, 18),
(276, 'HEB594672230', '198.03', '2022-12-11', '2022-12-14', 3, 7, 56, 11),
(277, 'HEB289516772', '198.03', '2022-12-14', '2022-12-17', 3, 7, 56, 11),
(278, 'HEB619878948', '234.24', '2022-12-17', '2022-12-20', 3, 7, 56, 19),
(279, 'HEB402145827', '198.03', '2022-12-20', '2022-12-23', 3, 7, 56, 11),
(280, 'HEB882033894', '197.01', '2022-12-23', '2022-12-26', 3, 7, 56, 22),
(281, 'HEB184169731', '297.00', '2022-11-14', '2022-11-17', 3, 7, 57, 23),
(282, 'HEB936573442', '309.00', '2022-11-17', '2022-11-20', 3, 7, 57, 8),
(283, 'HEB303479859', '225.42', '2022-11-20', '2022-11-23', 3, 7, 57, 10),
(284, 'HEB318533638', '297.00', '2022-11-23', '2022-11-26', 3, 7, 57, 23),
(285, 'HEB125784649', '211.35', '2022-11-26', '2022-11-29', 3, 7, 57, 1),
(286, 'HEB561295896', '197.01', '2022-09-22', '2022-09-25', 3, 7, 58, 22),
(287, 'HEB181519766', '204.18', '2022-09-25', '2022-09-28', 3, 7, 58, 18),
(288, 'HEB606400459', '234.24', '2022-09-28', '2022-10-01', 3, 7, 58, 19),
(289, 'HEB934826627', '147.03', '2022-10-01', '2022-10-04', 3, 7, 58, 20),
(290, 'HEB164693415', '191.34', '2022-10-04', '2022-10-07', 3, 7, 58, 6),
(291, 'HEB969551083', '72.99', '2021-12-16', '2021-12-19', 3, 7, 59, 9),
(292, 'HEB580788302', '211.35', '2021-12-19', '2021-12-22', 3, 7, 59, 1),
(293, 'HEB268870139', '225.42', '2021-12-22', '2021-12-25', 3, 7, 59, 10),
(294, 'HEB151763828', '207.09', '2021-12-25', '2021-12-28', 3, 7, 59, 25),
(295, 'HEB488137978', '197.01', '2021-12-28', '2021-12-31', 3, 7, 59, 22),
(296, 'HEB816146891', '450.00', '2022-12-13', '2022-12-16', 3, 7, 60, 13),
(297, 'HEB565579795', '234.24', '2022-12-16', '2022-12-19', 3, 7, 60, 19),
(298, 'HEB256692828', '169.35', '2022-12-19', '2022-12-22', 3, 7, 60, 14),
(299, 'HEB950545798', '176.97', '2022-12-22', '2022-12-25', 3, 7, 60, 5),
(300, 'HEB954069967', '169.35', '2022-12-25', '2022-12-28', 3, 7, 60, 14),
(301, 'HEB216062607', '450.00', '2021-08-03', '2021-08-06', 3, 7, 61, 13),
(302, 'HEB346170738', '211.35', '2021-08-06', '2021-08-09', 3, 7, 61, 1),
(303, 'HEB786264644', '204.18', '2021-08-09', '2021-08-12', 3, 7, 61, 18),
(304, 'HEB562868256', '450.00', '2021-08-12', '2021-08-15', 3, 7, 61, 13),
(305, 'HEB630584064', '264.45', '2021-08-15', '2021-08-18', 3, 7, 61, 26),
(306, 'HEB176851245', '225.42', '2021-12-15', '2021-12-18', 3, 7, 62, 10),
(307, 'HEB546206932', '297.00', '2021-12-18', '2021-12-21', 3, 7, 62, 23),
(308, 'HEB516621799', '771.06', '2021-12-21', '2021-12-24', 3, 7, 62, 17),
(309, 'HEB730483614', '169.35', '2021-12-24', '2021-12-27', 3, 7, 62, 14),
(310, 'HEB584080689', '234.24', '2021-12-27', '2021-12-30', 3, 7, 62, 19),
(311, 'HEB235969446', '129.51', '2021-07-10', '2021-07-13', 3, 7, 63, 24),
(312, 'HEB923510009', '191.34', '2021-07-13', '2021-07-16', 3, 7, 63, 6),
(313, 'HEB405350359', '211.35', '2021-07-16', '2021-07-19', 3, 7, 63, 1),
(314, 'HEB847024126', '129.51', '2021-07-19', '2021-07-22', 3, 7, 63, 24),
(315, 'HEB131752941', '176.97', '2021-07-22', '2021-07-25', 3, 7, 63, 5),
(316, 'HEB409249036', '169.35', '2022-11-01', '2022-11-04', 3, 7, 64, 14),
(317, 'HEB376418610', '268.38', '2022-11-04', '2022-11-07', 3, 7, 64, 2),
(318, 'HEB973398267', '309.00', '2022-11-07', '2022-11-10', 3, 7, 64, 8),
(319, 'HEB512365792', '771.06', '2022-11-10', '2022-11-13', 3, 7, 64, 17),
(320, 'HEB318456352', '72.99', '2022-11-13', '2022-11-16', 3, 7, 64, 9),
(321, 'HEB512919727', '258.66', '2022-05-29', '2022-06-01', 3, 7, 65, 16),
(322, 'HEB849678573', '176.97', '2022-06-01', '2022-06-04', 3, 7, 65, 5),
(323, 'HEB779696352', '771.06', '2022-06-04', '2022-06-07', 3, 7, 65, 17),
(324, 'HEB260912644', '300.24', '2022-06-07', '2022-06-10', 3, 7, 65, 7),
(325, 'HEB945828413', '264.45', '2022-06-10', '2022-06-13', 3, 7, 65, 26),
(326, 'HEB992644307', '72.99', '2022-04-22', '2022-04-25', 3, 8, 66, 9),
(327, 'HEB633741743', '309.00', '2022-04-25', '2022-04-28', 3, 8, 66, 8),
(328, 'HEB770166261', '204.18', '2022-04-28', '2022-05-01', 3, 8, 66, 18),
(329, 'HEB375171060', '309.00', '2022-05-01', '2022-05-04', 3, 8, 66, 8),
(330, 'HEB542125833', '169.35', '2022-05-04', '2022-05-07', 3, 8, 66, 14),
(331, 'HEB119486236', '169.35', '2021-05-05', '2021-05-08', 3, 8, 67, 14),
(332, 'HEB627935095', '225.42', '2021-05-08', '2021-05-11', 3, 8, 67, 10),
(333, 'HEB167132939', '129.51', '2021-05-11', '2021-05-14', 3, 8, 67, 24),
(334, 'HEB894535147', '234.24', '2021-05-14', '2021-05-17', 3, 8, 67, 19),
(335, 'HEB528332568', '72.99', '2021-05-17', '2021-05-20', 3, 8, 67, 9),
(336, 'HEB749328331', '198.03', '2022-03-12', '2022-03-15', 3, 8, 68, 11),
(337, 'HEB414463694', '297.00', '2022-03-15', '2022-03-18', 3, 8, 68, 23),
(338, 'HEB584245515', '263.97', '2022-03-18', '2022-03-21', 3, 8, 68, 21),
(339, 'HEB264263679', '268.38', '2022-03-21', '2022-03-24', 3, 8, 68, 2),
(340, 'HEB942617581', '297.00', '2022-03-24', '2022-03-27', 3, 8, 68, 23),
(341, 'HEB192985787', '263.97', '2022-03-18', '2022-03-21', 3, 8, 69, 21),
(342, 'HEB446588696', '297.00', '2022-03-21', '2022-03-24', 3, 8, 69, 23),
(343, 'HEB780090308', '225.42', '2022-03-24', '2022-03-27', 3, 8, 69, 10),
(344, 'HEB835801447', '450.00', '2022-03-27', '2022-03-30', 3, 8, 69, 13),
(345, 'HEB311270114', '300.24', '2022-03-30', '2022-04-02', 3, 8, 69, 7),
(346, 'HEB130202846', '258.66', '2022-07-01', '2022-07-04', 3, 8, 70, 16),
(347, 'HEB675876840', '197.01', '2022-07-04', '2022-07-07', 3, 8, 70, 22),
(348, 'HEB571449402', '204.18', '2022-07-07', '2022-07-10', 3, 8, 70, 18),
(349, 'HEB676633466', '300.24', '2022-07-10', '2022-07-13', 3, 8, 70, 7),
(350, 'HEB883338036', '129.51', '2022-07-13', '2022-07-16', 3, 8, 70, 24),
(351, 'HEB873934200', '300.24', '2022-10-11', '2022-10-14', 3, 8, 71, 7),
(352, 'HEB127103121', '176.97', '2022-10-14', '2022-10-17', 3, 8, 71, 5),
(353, 'HEB337419120', '234.24', '2022-10-17', '2022-10-20', 3, 8, 71, 19),
(354, 'HEB509441905', '129.51', '2022-10-20', '2022-10-23', 3, 8, 71, 24),
(355, 'HEB694974077', '234.24', '2022-10-23', '2022-10-26', 3, 8, 71, 19),
(356, 'HEB292033822', '268.38', '2021-02-11', '2021-02-14', 3, 8, 72, 2),
(357, 'HEB609988147', '263.97', '2021-02-14', '2021-02-17', 3, 8, 72, 21),
(358, 'HEB662736517', '263.97', '2021-02-17', '2021-02-20', 3, 8, 72, 21),
(359, 'HEB122853386', '234.24', '2021-02-20', '2021-02-23', 3, 8, 72, 19),
(360, 'HEB665529545', '204.18', '2021-02-23', '2021-02-26', 3, 8, 72, 18),
(361, 'HEB436921721', '264.45', '2021-08-27', '2021-08-30', 3, 8, 73, 26),
(362, 'HEB762783397', '176.97', '2021-08-30', '2021-09-02', 3, 8, 73, 5),
(363, 'HEB494321883', '300.24', '2021-09-02', '2021-09-05', 3, 8, 73, 7),
(364, 'HEB572411329', '110.01', '2021-09-05', '2021-09-08', 3, 8, 73, 3),
(365, 'HEB715839143', '297.00', '2021-09-08', '2021-09-11', 3, 8, 73, 23),
(366, 'HEB977491953', '198.03', '2021-06-30', '2021-07-03', 3, 8, 74, 11),
(367, 'HEB349035387', '469.95', '2021-07-03', '2021-07-06', 3, 8, 74, 15),
(368, 'HEB533083788', '300.24', '2021-07-06', '2021-07-09', 3, 8, 74, 7),
(369, 'HEB438339435', '191.34', '2021-07-09', '2021-07-12', 3, 8, 74, 6),
(370, 'HEB141062676', '450.00', '2021-07-12', '2021-07-15', 3, 8, 74, 13),
(371, 'HEB314829955', '169.35', '2022-07-27', '2022-07-30', 3, 8, 75, 14),
(372, 'HEB825650278', '297.00', '2022-07-30', '2022-08-02', 3, 8, 75, 23),
(373, 'HEB305295496', '204.18', '2022-08-02', '2022-08-05', 3, 8, 75, 18),
(374, 'HEB110209095', '258.66', '2022-08-05', '2022-08-08', 3, 8, 75, 16),
(375, 'HEB622295389', '309.00', '2022-08-08', '2022-08-11', 3, 8, 75, 8),
(376, 'HEB774702877', '48.66', '2022-05-03', '2022-05-05', 2, 4, 76, 9),
(377, 'HEB874020234', '200.16', '2022-05-05', '2022-05-07', 2, 4, 76, 7),
(378, 'HEB468427239', '136.12', '2022-05-07', '2022-05-09', 2, 4, 76, 18),
(379, 'HEB734106779', '172.44', '2022-05-09', '2022-05-11', 2, 4, 76, 16),
(380, 'HEB585548356', '86.34', '2022-05-11', '2022-05-13', 2, 4, 76, 24),
(381, 'HEB679902322', '200.16', '2021-03-30', '2021-04-01', 2, 4, 77, 7),
(382, 'HEB269453752', '90.12', '2021-04-01', '2021-04-03', 2, 4, 77, 12),
(383, 'HEB653724059', '514.04', '2021-04-03', '2021-04-05', 2, 4, 77, 17),
(384, 'HEB549519803', '313.30', '2021-04-05', '2021-04-07', 2, 4, 77, 15),
(385, 'HEB691584271', '150.28', '2021-04-07', '2021-04-09', 2, 4, 77, 10),
(386, 'HEB980209236', '150.28', '2021-10-03', '2021-10-05', 2, 4, 78, 10),
(387, 'HEB245856424', '136.12', '2021-10-05', '2021-10-07', 2, 4, 78, 18),
(388, 'HEB434347774', '178.92', '2021-10-07', '2021-10-09', 2, 4, 78, 2),
(389, 'HEB867616346', '73.34', '2021-10-09', '2021-10-11', 2, 4, 78, 3),
(390, 'HEB812637377', '138.06', '2021-10-11', '2021-10-13', 2, 4, 78, 25),
(391, 'HEB142908788', '132.02', '2022-02-03', '2022-02-05', 2, 4, 79, 11),
(392, 'HEB469573295', '156.16', '2022-02-05', '2022-02-07', 2, 4, 79, 19),
(393, 'HEB159400436', '86.34', '2022-02-07', '2022-02-09', 2, 4, 79, 24),
(394, 'HEB937037852', '313.30', '2022-02-09', '2022-02-11', 2, 4, 79, 15),
(395, 'HEB266448670', '172.44', '2022-02-11', '2022-02-13', 2, 4, 79, 16),
(396, 'HEB428872663', '176.30', '2021-07-11', '2021-07-13', 2, 4, 80, 26),
(397, 'HEB214321409', '112.90', '2021-07-13', '2021-07-15', 2, 4, 80, 14),
(398, 'HEB127521143', '112.90', '2021-07-15', '2021-07-17', 2, 4, 80, 14),
(399, 'HEB207163099', '112.90', '2021-07-17', '2021-07-19', 2, 4, 80, 14),
(400, 'HEB425736006', '175.98', '2021-07-19', '2021-07-21', 2, 4, 80, 21),
(401, 'HEB611075846', '313.30', '2021-01-03', '2021-01-05', 2, 4, 81, 15),
(402, 'HEB344922863', '86.34', '2021-01-05', '2021-01-07', 2, 4, 81, 24),
(403, 'HEB263364391', '172.44', '2021-01-07', '2021-01-09', 2, 4, 81, 16),
(404, 'HEB959706085', '127.56', '2021-01-09', '2021-01-11', 2, 4, 81, 6),
(405, 'HEB533162972', '150.28', '2021-01-11', '2021-01-13', 2, 4, 81, 10),
(406, 'HEB290794955', '138.06', '2021-01-01', '2021-01-03', 2, 4, 82, 25),
(407, 'HEB327776513', '48.66', '2021-01-03', '2021-01-05', 2, 4, 82, 9),
(408, 'HEB715819067', '156.16', '2021-01-05', '2021-01-07', 2, 4, 82, 19),
(409, 'HEB448458694', '172.44', '2021-01-07', '2021-01-09', 2, 4, 82, 16),
(410, 'HEB944624956', '156.16', '2021-01-09', '2021-01-11', 2, 4, 82, 19),
(411, 'HEB701016385', '132.02', '2021-09-30', '2021-10-02', 2, 4, 83, 11),
(412, 'HEB875723740', '138.06', '2021-10-02', '2021-10-04', 2, 4, 83, 25),
(413, 'HEB274274295', '86.34', '2021-10-04', '2021-10-06', 2, 4, 83, 24),
(414, 'HEB226202056', '86.34', '2021-10-06', '2021-10-08', 2, 4, 83, 24),
(415, 'HEB331878476', '127.56', '2021-10-08', '2021-10-10', 2, 4, 83, 6),
(416, 'HEB608652582', '90.12', '2022-12-07', '2022-12-09', 2, 4, 84, 12),
(417, 'HEB821446201', '127.56', '2022-12-09', '2022-12-11', 2, 4, 84, 6),
(418, 'HEB765907775', '156.16', '2022-12-11', '2022-12-13', 2, 4, 84, 19),
(419, 'HEB746791895', '156.16', '2022-12-13', '2022-12-15', 2, 4, 84, 19),
(420, 'HEB811243513', '156.16', '2022-12-15', '2022-12-17', 2, 4, 84, 19),
(421, 'HEB170521081', '48.66', '2021-03-12', '2021-03-14', 2, 4, 85, 9),
(422, 'HEB714375853', '206.00', '2021-03-14', '2021-03-16', 2, 4, 85, 8),
(423, 'HEB317167534', '86.34', '2021-03-16', '2021-03-18', 2, 4, 85, 24),
(424, 'HEB538051255', '200.16', '2021-03-18', '2021-03-20', 2, 4, 85, 7),
(425, 'HEB577663842', '200.16', '2021-03-20', '2021-03-22', 2, 4, 85, 7),
(426, 'HEB202924151', '90.12', '2022-07-06', '2022-07-08', 2, 4, 86, 12),
(427, 'HEB963697376', '117.98', '2022-07-08', '2022-07-10', 2, 4, 86, 5),
(428, 'HEB387725960', '127.56', '2022-07-10', '2022-07-12', 2, 4, 86, 6),
(429, 'HEB224905204', '176.30', '2022-07-12', '2022-07-14', 2, 4, 86, 26),
(430, 'HEB781851252', '73.34', '2022-07-14', '2022-07-16', 2, 4, 86, 3),
(431, 'HEB989934870', '172.44', '2022-11-23', '2022-11-25', 2, 4, 87, 16),
(432, 'HEB572631945', '132.02', '2022-11-25', '2022-11-27', 2, 4, 87, 11),
(433, 'HEB706558361', '48.66', '2022-11-27', '2022-11-29', 2, 4, 87, 9),
(434, 'HEB813677230', '200.16', '2022-11-29', '2022-12-01', 2, 4, 87, 7),
(435, 'HEB123881876', '200.16', '2022-12-01', '2022-12-03', 2, 4, 87, 7),
(436, 'HEB501775392', '98.02', '2022-06-20', '2022-06-22', 2, 4, 88, 20),
(437, 'HEB481294431', '98.02', '2022-06-22', '2022-06-24', 2, 4, 88, 20),
(438, 'HEB896138123', '112.90', '2022-06-24', '2022-06-26', 2, 4, 88, 14),
(439, 'HEB600541810', '112.90', '2022-06-26', '2022-06-28', 2, 4, 88, 14),
(440, 'HEB398637873', '132.02', '2022-06-28', '2022-06-30', 2, 4, 88, 11),
(441, 'HEB245603713', '172.44', '2022-06-16', '2022-06-18', 2, 4, 89, 16),
(442, 'HEB283935988', '131.34', '2022-06-18', '2022-06-20', 2, 4, 89, 22),
(443, 'HEB567079781', '178.92', '2022-06-20', '2022-06-22', 2, 4, 89, 2),
(444, 'HEB560530304', '86.34', '2022-06-22', '2022-06-24', 2, 4, 89, 24),
(445, 'HEB305708694', '131.34', '2022-06-24', '2022-06-26', 2, 4, 89, 22),
(446, 'HEB966392211', '178.92', '2022-04-01', '2022-04-03', 2, 4, 90, 2),
(447, 'HEB332855277', '86.34', '2022-04-03', '2022-04-05', 2, 4, 90, 24),
(448, 'HEB783170203', '514.04', '2022-04-05', '2022-04-07', 2, 4, 90, 17),
(449, 'HEB926389903', '127.56', '2022-04-07', '2022-04-09', 2, 4, 90, 6),
(450, 'HEB938743998', '200.16', '2022-04-09', '2022-04-11', 2, 4, 90, 7),
(451, 'HEB878794224', '200.16', '2022-11-01', '2022-11-03', 2, 5, 91, 7),
(452, 'HEB258418727', '140.90', '2022-11-03', '2022-11-05', 2, 5, 91, 1),
(453, 'HEB464825386', '176.30', '2022-11-05', '2022-11-07', 2, 5, 91, 26),
(454, 'HEB517024994', '86.34', '2022-11-07', '2022-11-09', 2, 5, 91, 24),
(455, 'HEB637245201', '73.34', '2022-11-09', '2022-11-11', 2, 5, 91, 3),
(456, 'HEB231402725', '200.16', '2022-06-09', '2022-06-11', 2, 5, 92, 7),
(457, 'HEB843262404', '86.34', '2022-06-11', '2022-06-13', 2, 5, 92, 24),
(458, 'HEB785829468', '117.98', '2022-06-13', '2022-06-15', 2, 5, 92, 5),
(459, 'HEB610649344', '90.12', '2022-06-15', '2022-06-17', 2, 5, 92, 12),
(460, 'HEB672007558', '178.92', '2022-06-17', '2022-06-19', 2, 5, 92, 2),
(461, 'HEB418685444', '175.98', '2022-03-25', '2022-03-27', 2, 5, 93, 21),
(462, 'HEB409794439', '206.00', '2022-03-27', '2022-03-29', 2, 5, 93, 8),
(463, 'HEB679567120', '98.02', '2022-03-29', '2022-03-31', 2, 5, 93, 20),
(464, 'HEB278325682', '117.98', '2022-03-31', '2022-04-02', 2, 5, 93, 5),
(465, 'HEB503331006', '172.44', '2022-04-02', '2022-04-04', 2, 5, 93, 16),
(466, 'HEB711813119', '313.30', '2022-05-05', '2022-05-07', 2, 5, 94, 15),
(467, 'HEB769310032', '98.02', '2022-05-07', '2022-05-09', 2, 5, 94, 20),
(468, 'HEB160882780', '156.16', '2022-05-09', '2022-05-11', 2, 5, 94, 19),
(469, 'HEB170327165', '127.56', '2022-05-11', '2022-05-13', 2, 5, 94, 6),
(470, 'HEB109303129', '132.02', '2022-05-13', '2022-05-15', 2, 5, 94, 11),
(471, 'HEB113451888', '132.02', '2021-03-08', '2021-03-10', 2, 5, 95, 11),
(472, 'HEB614897370', '98.02', '2021-03-10', '2021-03-12', 2, 5, 95, 20),
(473, 'HEB291896245', '86.34', '2021-03-12', '2021-03-14', 2, 5, 95, 24),
(474, 'HEB319196862', '127.56', '2021-03-14', '2021-03-16', 2, 5, 95, 6),
(475, 'HEB238909321', '313.30', '2021-03-16', '2021-03-18', 2, 5, 95, 15),
(476, 'HEB248950983', '131.34', '2022-12-26', '2022-12-28', 2, 5, 96, 22),
(477, 'HEB804769626', '178.92', '2022-12-28', '2022-12-30', 2, 5, 96, 2),
(478, 'HEB777493439', '156.16', '2022-12-30', '2023-01-01', 2, 5, 96, 19),
(479, 'HEB296725894', '138.06', '2023-01-01', '2023-01-03', 2, 5, 96, 25),
(480, 'HEB950480394', '138.06', '2023-01-03', '2023-01-05', 2, 5, 96, 25),
(481, 'HEB106815834', '176.30', '2021-06-27', '2021-06-29', 2, 5, 97, 26),
(482, 'HEB831924882', '156.16', '2021-06-29', '2021-07-01', 2, 5, 97, 19),
(483, 'HEB693632929', '127.56', '2021-07-01', '2021-07-03', 2, 5, 97, 6),
(484, 'HEB809972905', '132.02', '2021-07-03', '2021-07-05', 2, 5, 97, 11),
(485, 'HEB216173738', '138.06', '2021-07-05', '2021-07-07', 2, 5, 97, 25),
(486, 'HEB669602836', '86.34', '2022-02-12', '2022-02-14', 2, 5, 98, 24),
(487, 'HEB938650287', '73.34', '2022-02-14', '2022-02-16', 2, 5, 98, 3),
(488, 'HEB229879871', '73.34', '2022-02-16', '2022-02-18', 2, 5, 98, 3),
(489, 'HEB477067259', '156.16', '2022-02-18', '2022-02-20', 2, 5, 98, 19),
(490, 'HEB635893872', '90.12', '2022-02-20', '2022-02-22', 2, 5, 98, 12),
(491, 'HEB161186699', '172.44', '2022-06-26', '2022-06-28', 2, 5, 99, 16),
(492, 'HEB223289690', '313.30', '2022-06-28', '2022-06-30', 2, 5, 99, 15),
(493, 'HEB672663286', '178.92', '2022-06-30', '2022-07-02', 2, 5, 99, 2),
(494, 'HEB651589233', '206.00', '2022-07-02', '2022-07-04', 2, 5, 99, 8),
(495, 'HEB993786709', '313.30', '2022-07-04', '2022-07-06', 2, 5, 99, 15),
(496, 'HEB920094218', '140.90', '2021-04-23', '2021-04-25', 2, 5, 100, 1),
(497, 'HEB248715913', '140.90', '2021-04-25', '2021-04-27', 2, 5, 100, 1),
(498, 'HEB701597985', '112.90', '2021-04-27', '2021-04-29', 2, 5, 100, 14),
(499, 'HEB648943407', '206.00', '2021-04-29', '2021-05-01', 2, 5, 100, 8),
(500, 'HEB722463054', '73.34', '2021-05-01', '2021-05-03', 2, 5, 100, 3),
(501, 'HEB681446315', '136.12', '2022-04-16', '2022-04-18', 2, 5, 101, 18),
(502, 'HEB984306862', '131.34', '2022-04-18', '2022-04-20', 2, 5, 101, 22),
(503, 'HEB892708138', '198.00', '2022-04-20', '2022-04-22', 2, 5, 101, 23),
(504, 'HEB657164130', '86.34', '2022-04-22', '2022-04-24', 2, 5, 101, 24),
(505, 'HEB808757174', '138.06', '2022-04-24', '2022-04-26', 2, 5, 101, 25),
(506, 'HEB350714222', '98.02', '2022-10-08', '2022-10-10', 2, 5, 102, 20),
(507, 'HEB410060740', '140.90', '2022-10-10', '2022-10-12', 2, 5, 102, 1),
(508, 'HEB143959601', '140.90', '2022-10-12', '2022-10-14', 2, 5, 102, 1),
(509, 'HEB551408962', '86.34', '2022-10-14', '2022-10-16', 2, 5, 102, 24),
(510, 'HEB184577381', '300.00', '2022-10-16', '2022-10-18', 2, 5, 102, 13),
(511, 'HEB136448157', '198.00', '2022-07-02', '2022-07-04', 2, 5, 103, 23),
(512, 'HEB247466916', '175.98', '2022-07-04', '2022-07-06', 2, 5, 103, 21),
(513, 'HEB465508476', '140.90', '2022-07-06', '2022-07-08', 2, 5, 103, 1),
(514, 'HEB894580874', '178.92', '2022-07-08', '2022-07-10', 2, 5, 103, 2),
(515, 'HEB230685225', '172.44', '2022-07-10', '2022-07-12', 2, 5, 103, 16),
(516, 'HEB759695930', '132.02', '2022-02-12', '2022-02-14', 2, 5, 104, 11),
(517, 'HEB105351700', '48.66', '2022-02-14', '2022-02-16', 2, 5, 104, 9),
(518, 'HEB463009645', '136.12', '2022-02-16', '2022-02-18', 2, 5, 104, 18),
(519, 'HEB838097850', '313.30', '2022-02-18', '2022-02-20', 2, 5, 104, 15),
(520, 'HEB701650515', '86.34', '2022-02-20', '2022-02-22', 2, 5, 104, 24),
(521, 'HEB154011112', '206.00', '2021-08-28', '2021-08-30', 2, 5, 105, 8),
(522, 'HEB834837686', '313.30', '2021-08-30', '2021-09-01', 2, 5, 105, 15),
(523, 'HEB475621786', '132.02', '2021-09-01', '2021-09-03', 2, 5, 105, 11),
(524, 'HEB773147558', '200.16', '2021-09-03', '2021-09-05', 2, 5, 105, 7),
(525, 'HEB171160979', '514.04', '2021-09-05', '2021-09-07', 2, 5, 105, 17),
(526, 'HEB139490013', '175.98', '2021-11-01', '2021-11-03', 2, 6, 106, 21),
(527, 'HEB444969780', '112.90', '2021-11-03', '2021-11-05', 2, 6, 106, 14),
(528, 'HEB603973268', '112.90', '2021-11-05', '2021-11-07', 2, 6, 106, 14),
(529, 'HEB509751139', '48.66', '2021-11-07', '2021-11-09', 2, 6, 106, 9),
(530, 'HEB394207728', '300.00', '2021-11-09', '2021-11-11', 2, 6, 106, 13),
(531, 'HEB253193167', '73.34', '2021-05-25', '2021-05-27', 2, 6, 107, 3),
(532, 'HEB392314214', '206.00', '2021-05-27', '2021-05-29', 2, 6, 107, 8),
(533, 'HEB652002635', '131.34', '2021-05-29', '2021-05-31', 2, 6, 107, 22),
(534, 'HEB883937461', '138.06', '2021-05-31', '2021-06-02', 2, 6, 107, 25),
(535, 'HEB731895485', '127.56', '2021-06-02', '2021-06-04', 2, 6, 107, 6),
(536, 'HEB594914954', '127.56', '2022-06-07', '2022-06-09', 2, 6, 108, 6),
(537, 'HEB638847619', '98.02', '2022-06-09', '2022-06-11', 2, 6, 108, 20),
(538, 'HEB475723604', '176.30', '2022-06-11', '2022-06-13', 2, 6, 108, 26),
(539, 'HEB978403571', '198.00', '2022-06-13', '2022-06-15', 2, 6, 108, 23),
(540, 'HEB778304892', '175.98', '2022-06-15', '2022-06-17', 2, 6, 108, 21),
(541, 'HEB930630275', '136.12', '2021-12-11', '2021-12-13', 2, 6, 109, 18),
(542, 'HEB904132864', '73.34', '2021-12-13', '2021-12-15', 2, 6, 109, 3),
(543, 'HEB396768798', '200.16', '2021-12-15', '2021-12-17', 2, 6, 109, 7),
(544, 'HEB173297051', '86.34', '2021-12-17', '2021-12-19', 2, 6, 109, 24),
(545, 'HEB930982367', '514.04', '2021-12-19', '2021-12-21', 2, 6, 109, 17),
(546, 'HEB833962297', '73.34', '2022-07-04', '2022-07-06', 2, 6, 110, 3),
(547, 'HEB897772550', '131.34', '2022-07-06', '2022-07-08', 2, 6, 110, 22),
(548, 'HEB117882329', '127.56', '2022-07-08', '2022-07-10', 2, 6, 110, 6),
(549, 'HEB735412034', '112.90', '2022-07-10', '2022-07-12', 2, 6, 110, 14),
(550, 'HEB960339004', '172.44', '2022-07-12', '2022-07-14', 2, 6, 110, 16),
(551, 'HEB325867232', '131.34', '2021-02-26', '2021-02-28', 2, 6, 111, 22),
(552, 'HEB109613100', '140.90', '2021-02-28', '2021-03-02', 2, 6, 111, 1),
(553, 'HEB330786718', '138.06', '2021-03-02', '2021-03-04', 2, 6, 111, 25),
(554, 'HEB670477048', '140.90', '2021-03-04', '2021-03-06', 2, 6, 111, 1),
(555, 'HEB752642715', '90.12', '2021-03-06', '2021-03-08', 2, 6, 111, 12),
(556, 'HEB553168813', '86.34', '2021-10-30', '2021-11-01', 2, 6, 112, 24),
(557, 'HEB498562825', '140.90', '2021-11-01', '2021-11-03', 2, 6, 112, 1),
(558, 'HEB626115027', '132.02', '2021-11-03', '2021-11-05', 2, 6, 112, 11),
(559, 'HEB796004296', '112.90', '2021-11-05', '2021-11-07', 2, 6, 112, 14),
(560, 'HEB759286794', '90.12', '2021-11-07', '2021-11-09', 2, 6, 112, 12),
(561, 'HEB715382074', '127.56', '2022-09-21', '2022-09-23', 2, 6, 113, 6),
(562, 'HEB308824539', '175.98', '2022-09-23', '2022-09-25', 2, 6, 113, 21),
(563, 'HEB302437054', '98.02', '2022-09-25', '2022-09-27', 2, 6, 113, 20),
(564, 'HEB871305724', '140.90', '2022-09-27', '2022-09-29', 2, 6, 113, 1),
(565, 'HEB868363922', '313.30', '2022-09-29', '2022-10-01', 2, 6, 113, 15),
(566, 'HEB197150346', '90.12', '2022-05-22', '2022-05-24', 2, 6, 114, 12),
(567, 'HEB649523199', '131.34', '2022-05-24', '2022-05-26', 2, 6, 114, 22),
(568, 'HEB241292673', '127.56', '2022-05-26', '2022-05-28', 2, 6, 114, 6),
(569, 'HEB941144854', '206.00', '2022-05-28', '2022-05-30', 2, 6, 114, 8),
(570, 'HEB431353267', '112.90', '2022-05-30', '2022-06-01', 2, 6, 114, 14),
(571, 'HEB461297561', '86.34', '2021-02-09', '2021-02-11', 2, 6, 115, 24),
(572, 'HEB324372166', '514.04', '2021-02-11', '2021-02-13', 2, 6, 115, 17),
(573, 'HEB230944926', '127.56', '2021-02-13', '2021-02-15', 2, 6, 115, 6),
(574, 'HEB101859774', '156.16', '2021-02-15', '2021-02-17', 2, 6, 115, 19),
(575, 'HEB220275047', '112.90', '2021-02-17', '2021-02-19', 2, 6, 115, 14),
(576, 'HEB804801965', '175.98', '2021-04-17', '2021-04-19', 2, 6, 116, 21),
(577, 'HEB368210386', '138.06', '2021-04-19', '2021-04-21', 2, 6, 116, 25),
(578, 'HEB276543455', '206.00', '2021-04-21', '2021-04-23', 2, 6, 116, 8),
(579, 'HEB584700661', '98.02', '2021-04-23', '2021-04-25', 2, 6, 116, 20),
(580, 'HEB363849078', '206.00', '2021-04-25', '2021-04-27', 2, 6, 116, 8),
(581, 'HEB116975382', '73.34', '2021-11-27', '2021-11-29', 2, 6, 117, 3),
(582, 'HEB606943582', '138.06', '2021-11-29', '2021-12-01', 2, 6, 117, 25),
(583, 'HEB485319225', '138.06', '2021-12-01', '2021-12-03', 2, 6, 117, 25),
(584, 'HEB944115713', '90.12', '2021-12-03', '2021-12-05', 2, 6, 117, 12),
(585, 'HEB208704840', '90.12', '2021-12-05', '2021-12-07', 2, 6, 117, 12),
(586, 'HEB874300352', '178.92', '2021-08-30', '2021-09-01', 2, 6, 118, 2),
(587, 'HEB282953561', '150.28', '2021-09-01', '2021-09-03', 2, 6, 118, 10),
(588, 'HEB595987877', '90.12', '2021-09-03', '2021-09-05', 2, 6, 118, 12),
(589, 'HEB207795049', '98.02', '2021-09-05', '2021-09-07', 2, 6, 118, 20),
(590, 'HEB379501885', '140.90', '2021-09-07', '2021-09-09', 2, 6, 118, 1),
(591, 'HEB669089229', '514.04', '2021-07-05', '2021-07-07', 2, 6, 119, 17),
(592, 'HEB339432775', '127.56', '2021-07-07', '2021-07-09', 2, 6, 119, 6),
(593, 'HEB691529519', '175.98', '2021-07-09', '2021-07-11', 2, 6, 119, 21),
(594, 'HEB996842136', '138.06', '2021-07-11', '2021-07-13', 2, 6, 119, 25),
(595, 'HEB774422993', '198.00', '2021-07-13', '2021-07-15', 2, 6, 119, 23),
(596, 'HEB766768374', '112.90', '2021-01-21', '2021-01-23', 2, 6, 120, 14),
(597, 'HEB428503629', '175.98', '2021-01-23', '2021-01-25', 2, 6, 120, 21),
(598, 'HEB762831741', '90.12', '2021-01-25', '2021-01-27', 2, 6, 120, 12),
(599, 'HEB558500424', '138.06', '2021-01-27', '2021-01-29', 2, 6, 120, 25),
(600, 'HEB698720518', '117.98', '2021-01-29', '2021-01-31', 2, 6, 120, 5),
(601, 'HEB572738873', '175.98', '2021-03-23', '2021-03-25', 2, 7, 121, 21),
(602, 'HEB305100605', '98.02', '2021-03-25', '2021-03-27', 2, 7, 121, 20),
(603, 'HEB709579673', '178.92', '2021-03-27', '2021-03-29', 2, 7, 121, 2),
(604, 'HEB899057343', '175.98', '2021-03-29', '2021-03-31', 2, 7, 121, 21),
(605, 'HEB851241544', '156.16', '2021-03-31', '2021-04-02', 2, 7, 121, 19),
(606, 'HEB678009340', '200.16', '2021-02-28', '2021-03-02', 2, 7, 122, 7),
(607, 'HEB874216959', '300.00', '2021-03-02', '2021-03-04', 2, 7, 122, 13),
(608, 'HEB676286326', '86.34', '2021-03-04', '2021-03-06', 2, 7, 122, 24),
(609, 'HEB195228247', '90.12', '2021-03-06', '2021-03-08', 2, 7, 122, 12),
(610, 'HEB157158178', '127.56', '2021-03-08', '2021-03-10', 2, 7, 122, 6),
(611, 'HEB245256870', '131.34', '2021-12-26', '2021-12-28', 2, 7, 123, 22),
(612, 'HEB657687388', '206.00', '2021-12-28', '2021-12-30', 2, 7, 123, 8),
(613, 'HEB548230448', '514.04', '2021-12-30', '2022-01-01', 2, 7, 123, 17),
(614, 'HEB461754897', '178.92', '2022-01-01', '2022-01-03', 2, 7, 123, 2),
(615, 'HEB706465300', '138.06', '2022-01-03', '2022-01-05', 2, 7, 123, 25),
(616, 'HEB568864289', '176.30', '2022-08-16', '2022-08-18', 2, 7, 124, 26),
(617, 'HEB453383050', '300.00', '2022-08-18', '2022-08-20', 2, 7, 124, 13),
(618, 'HEB661417109', '156.16', '2022-08-20', '2022-08-22', 2, 7, 124, 19),
(619, 'HEB564951238', '156.16', '2022-08-22', '2022-08-24', 2, 7, 124, 19),
(620, 'HEB303108001', '176.30', '2022-08-24', '2022-08-26', 2, 7, 124, 26),
(621, 'HEB168215565', '136.12', '2021-05-30', '2021-06-01', 2, 7, 125, 18),
(622, 'HEB695126021', '175.98', '2021-06-01', '2021-06-03', 2, 7, 125, 21),
(623, 'HEB881507747', '117.98', '2021-06-03', '2021-06-05', 2, 7, 125, 5),
(624, 'HEB510247850', '48.66', '2021-06-05', '2021-06-07', 2, 7, 125, 9),
(625, 'HEB643438960', '48.66', '2021-06-07', '2021-06-09', 2, 7, 125, 9),
(626, 'HEB722834288', '73.34', '2021-06-25', '2021-06-27', 2, 7, 126, 3),
(627, 'HEB352427831', '172.44', '2021-06-27', '2021-06-29', 2, 7, 126, 16),
(628, 'HEB836761753', '198.00', '2021-06-29', '2021-07-01', 2, 7, 126, 23),
(629, 'HEB949396295', '313.30', '2021-07-01', '2021-07-03', 2, 7, 126, 15),
(630, 'HEB750503988', '138.06', '2021-07-03', '2021-07-05', 2, 7, 126, 25),
(631, 'HEB312338793', '131.34', '2022-08-16', '2022-08-18', 2, 7, 127, 22),
(632, 'HEB220367094', '136.12', '2022-08-18', '2022-08-20', 2, 7, 127, 18),
(633, 'HEB441798782', '300.00', '2022-08-20', '2022-08-22', 2, 7, 127, 13),
(634, 'HEB792262571', '140.90', '2022-08-22', '2022-08-24', 2, 7, 127, 1),
(635, 'HEB656147423', '198.00', '2022-08-24', '2022-08-26', 2, 7, 127, 23),
(636, 'HEB285229431', '313.30', '2022-09-15', '2022-09-17', 2, 7, 128, 15),
(637, 'HEB276071886', '98.02', '2022-09-17', '2022-09-19', 2, 7, 128, 20),
(638, 'HEB898307888', '156.16', '2022-09-19', '2022-09-21', 2, 7, 128, 19),
(639, 'HEB402049733', '48.66', '2022-09-21', '2022-09-23', 2, 7, 128, 9),
(640, 'HEB721111150', '206.00', '2022-09-23', '2022-09-25', 2, 7, 128, 8),
(641, 'HEB357315950', '172.44', '2021-11-27', '2021-11-29', 2, 7, 129, 16),
(642, 'HEB316293277', '98.02', '2021-11-29', '2021-12-01', 2, 7, 129, 20),
(643, 'HEB960045087', '300.00', '2021-12-01', '2021-12-03', 2, 7, 129, 13),
(644, 'HEB251214994', '206.00', '2021-12-03', '2021-12-05', 2, 7, 129, 8),
(645, 'HEB464027030', '176.30', '2021-12-05', '2021-12-07', 2, 7, 129, 26),
(646, 'HEB743829824', '98.02', '2022-05-04', '2022-05-06', 2, 7, 130, 20),
(647, 'HEB995549440', '140.90', '2022-05-06', '2022-05-08', 2, 7, 130, 1),
(648, 'HEB707975225', '140.90', '2022-05-08', '2022-05-10', 2, 7, 130, 1),
(649, 'HEB972298360', '127.56', '2022-05-10', '2022-05-12', 2, 7, 130, 6),
(650, 'HEB468676524', '98.02', '2022-05-12', '2022-05-14', 2, 7, 130, 20),
(651, 'HEB101489749', '200.16', '2022-05-30', '2022-06-01', 2, 7, 131, 7),
(652, 'HEB981477259', '206.00', '2022-06-01', '2022-06-03', 2, 7, 131, 8),
(653, 'HEB154652697', '178.92', '2022-06-03', '2022-06-05', 2, 7, 131, 2),
(654, 'HEB565854035', '172.44', '2022-06-05', '2022-06-07', 2, 7, 131, 16),
(655, 'HEB479625463', '117.98', '2022-06-07', '2022-06-09', 2, 7, 131, 5),
(656, 'HEB516068474', '178.92', '2021-03-04', '2021-03-06', 2, 7, 132, 2),
(657, 'HEB485902574', '514.04', '2021-03-06', '2021-03-08', 2, 7, 132, 17),
(658, 'HEB754678555', '131.34', '2021-03-08', '2021-03-10', 2, 7, 132, 22),
(659, 'HEB416142421', '132.02', '2021-03-10', '2021-03-12', 2, 7, 132, 11),
(660, 'HEB598326077', '86.34', '2021-03-12', '2021-03-14', 2, 7, 132, 24),
(661, 'HEB635159076', '138.06', '2022-04-09', '2022-04-11', 2, 7, 133, 25),
(662, 'HEB671983867', '140.90', '2022-04-11', '2022-04-13', 2, 7, 133, 1),
(663, 'HEB724926761', '117.98', '2022-04-13', '2022-04-15', 2, 7, 133, 5),
(664, 'HEB898836780', '176.30', '2022-04-15', '2022-04-17', 2, 7, 133, 26),
(665, 'HEB933065517', '112.90', '2022-04-17', '2022-04-19', 2, 7, 133, 14),
(666, 'HEB233166706', '112.90', '2021-03-21', '2021-03-23', 2, 7, 134, 14),
(667, 'HEB415457456', '90.12', '2021-03-23', '2021-03-25', 2, 7, 134, 12),
(668, 'HEB743094770', '136.12', '2021-03-25', '2021-03-27', 2, 7, 134, 18),
(669, 'HEB242884219', '150.28', '2021-03-27', '2021-03-29', 2, 7, 134, 10),
(670, 'HEB784321448', '138.06', '2021-03-29', '2021-03-31', 2, 7, 134, 25),
(671, 'HEB579785990', '206.00', '2022-02-09', '2022-02-11', 2, 7, 135, 8),
(672, 'HEB146818035', '73.34', '2022-02-11', '2022-02-13', 2, 7, 135, 3),
(673, 'HEB326347603', '200.16', '2022-02-13', '2022-02-15', 2, 7, 135, 7),
(674, 'HEB569168562', '175.98', '2022-02-15', '2022-02-17', 2, 7, 135, 21),
(675, 'HEB359242361', '131.34', '2022-02-17', '2022-02-19', 2, 7, 135, 22),
(676, 'HEB937310109', '200.16', '2022-03-13', '2022-03-15', 2, 8, 136, 7),
(677, 'HEB469633819', '198.00', '2022-03-15', '2022-03-17', 2, 8, 136, 23),
(678, 'HEB500340867', '176.30', '2022-03-17', '2022-03-19', 2, 8, 136, 26),
(679, 'HEB784773739', '90.12', '2022-03-19', '2022-03-21', 2, 8, 136, 12),
(680, 'HEB704007019', '131.34', '2022-03-21', '2022-03-23', 2, 8, 136, 22),
(681, 'HEB347196790', '175.98', '2021-07-20', '2021-07-22', 2, 8, 137, 21),
(682, 'HEB490875488', '176.30', '2021-07-22', '2021-07-24', 2, 8, 137, 26),
(683, 'HEB413347710', '117.98', '2021-07-24', '2021-07-26', 2, 8, 137, 5),
(684, 'HEB105631330', '178.92', '2021-07-26', '2021-07-28', 2, 8, 137, 2),
(685, 'HEB446456503', '131.34', '2021-07-28', '2021-07-30', 2, 8, 137, 22),
(686, 'HEB203801405', '127.56', '2022-07-24', '2022-07-26', 2, 8, 138, 6);
INSERT INTO `reservations_hebergement` (`idReservationHebergement`, `code_reservation`, `prix`, `dateDebut`, `dateFin`, `nbJours`, `idUtilisateur`, `idVoyage`, `idHebergement`) VALUES
(687, 'HEB464018423', '200.16', '2022-07-26', '2022-07-28', 2, 8, 138, 7),
(688, 'HEB357718590', '117.98', '2022-07-28', '2022-07-30', 2, 8, 138, 5),
(689, 'HEB810231809', '156.16', '2022-07-30', '2022-08-01', 2, 8, 138, 19),
(690, 'HEB819463124', '514.04', '2022-08-01', '2022-08-03', 2, 8, 138, 17),
(691, 'HEB740924097', '48.66', '2022-02-09', '2022-02-11', 2, 8, 139, 9),
(692, 'HEB697877806', '136.12', '2022-02-11', '2022-02-13', 2, 8, 139, 18),
(693, 'HEB229158386', '175.98', '2022-02-13', '2022-02-15', 2, 8, 139, 21),
(694, 'HEB930157343', '156.16', '2022-02-15', '2022-02-17', 2, 8, 139, 19),
(695, 'HEB972369961', '90.12', '2022-02-17', '2022-02-19', 2, 8, 139, 12),
(696, 'HEB768911497', '48.66', '2021-07-19', '2021-07-21', 2, 8, 140, 9),
(697, 'HEB385148994', '175.98', '2021-07-21', '2021-07-23', 2, 8, 140, 21),
(698, 'HEB214595816', '112.90', '2021-07-23', '2021-07-25', 2, 8, 140, 14),
(699, 'HEB320137872', '117.98', '2021-07-25', '2021-07-27', 2, 8, 140, 5),
(700, 'HEB367073450', '136.12', '2021-07-27', '2021-07-29', 2, 8, 140, 18),
(701, 'HEB908385204', '132.02', '2021-05-16', '2021-05-18', 2, 8, 141, 11),
(702, 'HEB158320183', '138.06', '2021-05-18', '2021-05-20', 2, 8, 141, 25),
(703, 'HEB491305355', '200.16', '2021-05-20', '2021-05-22', 2, 8, 141, 7),
(704, 'HEB815389402', '206.00', '2021-05-22', '2021-05-24', 2, 8, 141, 8),
(705, 'HEB120807605', '313.30', '2021-05-24', '2021-05-26', 2, 8, 141, 15),
(706, 'HEB745467964', '175.98', '2022-07-17', '2022-07-19', 2, 8, 142, 21),
(707, 'HEB735061647', '86.34', '2022-07-19', '2022-07-21', 2, 8, 142, 24),
(708, 'HEB613501380', '156.16', '2022-07-21', '2022-07-23', 2, 8, 142, 19),
(709, 'HEB211903401', '313.30', '2022-07-23', '2022-07-25', 2, 8, 142, 15),
(710, 'HEB373690208', '175.98', '2022-07-25', '2022-07-27', 2, 8, 142, 21),
(711, 'HEB633730155', '198.00', '2022-10-23', '2022-10-25', 2, 8, 143, 23),
(712, 'HEB652058159', '73.34', '2022-10-25', '2022-10-27', 2, 8, 143, 3),
(713, 'HEB703503569', '73.34', '2022-10-27', '2022-10-29', 2, 8, 143, 3),
(714, 'HEB847823024', '90.12', '2022-10-29', '2022-10-31', 2, 8, 143, 12),
(715, 'HEB931018180', '48.66', '2022-10-31', '2022-11-02', 2, 8, 143, 9),
(716, 'HEB561731236', '200.16', '2022-09-16', '2022-09-18', 2, 8, 144, 7),
(717, 'HEB434967422', '178.92', '2022-09-18', '2022-09-20', 2, 8, 144, 2),
(718, 'HEB823709657', '140.90', '2022-09-20', '2022-09-22', 2, 8, 144, 1),
(719, 'HEB699611603', '131.34', '2022-09-22', '2022-09-24', 2, 8, 144, 22),
(720, 'HEB129807802', '136.12', '2022-09-24', '2022-09-26', 2, 8, 144, 18),
(721, 'HEB530543757', '86.34', '2021-11-09', '2021-11-11', 2, 8, 145, 24),
(722, 'HEB127150062', '127.56', '2021-11-11', '2021-11-13', 2, 8, 145, 6),
(723, 'HEB273781358', '132.02', '2021-11-13', '2021-11-15', 2, 8, 145, 11),
(724, 'HEB428257416', '156.16', '2021-11-15', '2021-11-17', 2, 8, 145, 19),
(725, 'HEB694255093', '300.00', '2021-11-17', '2021-11-19', 2, 8, 145, 13),
(726, 'HEB800950534', '127.56', '2021-07-15', '2021-07-17', 2, 8, 146, 6),
(727, 'HEB549151911', '176.30', '2021-07-17', '2021-07-19', 2, 8, 146, 26),
(728, 'HEB714769213', '98.02', '2021-07-19', '2021-07-21', 2, 8, 146, 20),
(729, 'HEB231295915', '131.34', '2021-07-21', '2021-07-23', 2, 8, 146, 22),
(730, 'HEB990502274', '156.16', '2021-07-23', '2021-07-25', 2, 8, 146, 19),
(731, 'HEB385250375', '48.66', '2021-01-30', '2021-02-01', 2, 8, 147, 9),
(732, 'HEB586441778', '98.02', '2021-02-01', '2021-02-03', 2, 8, 147, 20),
(733, 'HEB761297755', '300.00', '2021-02-03', '2021-02-05', 2, 8, 147, 13),
(734, 'HEB473740824', '175.98', '2021-02-05', '2021-02-07', 2, 8, 147, 21),
(735, 'HEB903437898', '300.00', '2021-02-07', '2021-02-09', 2, 8, 147, 13),
(736, 'HEB960954854', '132.02', '2021-03-05', '2021-03-07', 2, 8, 148, 11),
(737, 'HEB761074480', '140.90', '2021-03-07', '2021-03-09', 2, 8, 148, 1),
(738, 'HEB299061942', '175.98', '2021-03-09', '2021-03-11', 2, 8, 148, 21),
(739, 'HEB435075194', '200.16', '2021-03-11', '2021-03-13', 2, 8, 148, 7),
(740, 'HEB811457136', '198.00', '2021-03-13', '2021-03-15', 2, 8, 148, 23),
(741, 'HEB493099395', '198.00', '2021-10-09', '2021-10-11', 2, 8, 149, 23),
(742, 'HEB115707703', '313.30', '2021-10-11', '2021-10-13', 2, 8, 149, 15),
(743, 'HEB356464508', '514.04', '2021-10-13', '2021-10-15', 2, 8, 149, 17),
(744, 'HEB530980052', '175.98', '2021-10-15', '2021-10-17', 2, 8, 149, 21),
(745, 'HEB719423509', '136.12', '2021-10-17', '2021-10-19', 2, 8, 149, 18),
(746, 'HEB182679666', '90.12', '2021-09-27', '2021-09-29', 2, 8, 150, 12),
(747, 'HEB123154831', '140.90', '2021-09-29', '2021-10-01', 2, 8, 150, 1),
(748, 'HEB648131171', '514.04', '2021-10-01', '2021-10-03', 2, 8, 150, 17),
(749, 'HEB540526577', '178.92', '2021-10-03', '2021-10-05', 2, 8, 150, 2),
(750, 'HEB562750964', '178.92', '2021-10-05', '2021-10-07', 2, 8, 150, 2),
(751, 'HEB326622950', '63.78', '2022-01-23', '2022-01-24', 1, 4, 151, 6),
(752, 'HEB234304967', '88.15', '2022-01-24', '2022-01-25', 1, 4, 151, 26),
(753, 'HEB782394435', '36.67', '2022-01-25', '2022-01-26', 1, 4, 151, 3),
(754, 'HEB518647208', '63.78', '2022-01-26', '2022-01-27', 1, 4, 151, 6),
(755, 'HEB253567987', '69.03', '2022-01-27', '2022-01-28', 1, 4, 151, 25),
(756, 'HEB771468705', '43.17', '2022-05-22', '2022-05-23', 1, 4, 152, 24),
(757, 'HEB220799441', '87.99', '2022-05-23', '2022-05-24', 1, 4, 152, 21),
(758, 'HEB896554043', '49.01', '2022-05-24', '2022-05-25', 1, 4, 152, 20),
(759, 'HEB203379690', '36.67', '2022-05-25', '2022-05-26', 1, 4, 152, 3),
(760, 'HEB961642459', '36.67', '2022-05-26', '2022-05-27', 1, 4, 152, 3),
(761, 'HEB165415019', '66.01', '2021-04-27', '2021-04-28', 1, 4, 153, 11),
(762, 'HEB918128659', '75.14', '2021-04-28', '2021-04-29', 1, 4, 153, 10),
(763, 'HEB252870560', '86.22', '2021-04-29', '2021-04-30', 1, 4, 153, 16),
(764, 'HEB803683681', '103.00', '2021-04-30', '2021-05-01', 1, 4, 153, 8),
(765, 'HEB674209132', '70.45', '2021-05-01', '2021-05-02', 1, 4, 153, 1),
(766, 'HEB592611106', '75.14', '2021-09-19', '2021-09-20', 1, 4, 154, 10),
(767, 'HEB447686421', '69.03', '2021-09-20', '2021-09-21', 1, 4, 154, 25),
(768, 'HEB653517109', '88.15', '2021-09-21', '2021-09-22', 1, 4, 154, 26),
(769, 'HEB618707514', '45.06', '2021-09-22', '2021-09-23', 1, 4, 154, 12),
(770, 'HEB792590016', '58.99', '2021-09-23', '2021-09-24', 1, 4, 154, 5),
(771, 'HEB578717390', '89.46', '2022-10-31', '2022-11-01', 1, 4, 155, 2),
(772, 'HEB815137645', '43.17', '2022-11-01', '2022-11-02', 1, 4, 155, 24),
(773, 'HEB544108007', '75.14', '2022-11-02', '2022-11-03', 1, 4, 155, 10),
(774, 'HEB625997983', '69.03', '2022-11-03', '2022-11-04', 1, 4, 155, 25),
(775, 'HEB464883178', '88.15', '2022-11-04', '2022-11-05', 1, 4, 155, 26),
(776, 'HEB404710461', '63.78', '2021-07-28', '2021-07-29', 1, 4, 156, 6),
(777, 'HEB393474706', '75.14', '2021-07-29', '2021-07-30', 1, 4, 156, 10),
(778, 'HEB412059401', '88.15', '2021-07-30', '2021-07-31', 1, 4, 156, 26),
(779, 'HEB241930156', '156.65', '2021-07-31', '2021-08-01', 1, 4, 156, 15),
(780, 'HEB687255368', '66.01', '2021-08-01', '2021-08-02', 1, 4, 156, 11),
(781, 'HEB519581989', '100.08', '2022-03-26', '2022-03-27', 1, 4, 157, 7),
(782, 'HEB184377317', '103.00', '2022-03-27', '2022-03-28', 1, 4, 157, 8),
(783, 'HEB815971756', '89.46', '2022-03-28', '2022-03-29', 1, 4, 157, 2),
(784, 'HEB741309181', '66.01', '2022-03-29', '2022-03-30', 1, 4, 157, 11),
(785, 'HEB255293068', '75.14', '2022-03-30', '2022-03-31', 1, 4, 157, 10),
(786, 'HEB255303892', '150.00', '2022-09-05', '2022-09-06', 1, 4, 158, 13),
(787, 'HEB279798712', '45.06', '2022-09-06', '2022-09-07', 1, 4, 158, 12),
(788, 'HEB378227952', '78.08', '2022-09-07', '2022-09-08', 1, 4, 158, 19),
(789, 'HEB461966433', '45.06', '2022-09-08', '2022-09-09', 1, 4, 158, 12),
(790, 'HEB164333583', '36.67', '2022-09-09', '2022-09-10', 1, 4, 158, 3),
(791, 'HEB823336362', '88.15', '2022-05-13', '2022-05-14', 1, 4, 159, 26),
(792, 'HEB578214783', '68.06', '2022-05-14', '2022-05-15', 1, 4, 159, 18),
(793, 'HEB451017021', '70.45', '2022-05-15', '2022-05-16', 1, 4, 159, 1),
(794, 'HEB214507676', '150.00', '2022-05-16', '2022-05-17', 1, 4, 159, 13),
(795, 'HEB266869509', '78.08', '2022-05-17', '2022-05-18', 1, 4, 159, 19),
(796, 'HEB416537346', '156.65', '2021-07-03', '2021-07-04', 1, 4, 160, 15),
(797, 'HEB249841016', '88.15', '2021-07-04', '2021-07-05', 1, 4, 160, 26),
(798, 'HEB250407363', '257.02', '2021-07-05', '2021-07-06', 1, 4, 160, 17),
(799, 'HEB344294342', '24.33', '2021-07-06', '2021-07-07', 1, 4, 160, 9),
(800, 'HEB236029617', '65.67', '2021-07-07', '2021-07-08', 1, 4, 160, 22),
(801, 'HEB553420021', '100.08', '2021-01-20', '2021-01-21', 1, 4, 161, 7),
(802, 'HEB254990987', '69.03', '2021-01-21', '2021-01-22', 1, 4, 161, 25),
(803, 'HEB497999650', '103.00', '2021-01-22', '2021-01-23', 1, 4, 161, 8),
(804, 'HEB357330109', '87.99', '2021-01-23', '2021-01-24', 1, 4, 161, 21),
(805, 'HEB247364080', '156.65', '2021-01-24', '2021-01-25', 1, 4, 161, 15),
(806, 'HEB727453964', '43.17', '2022-09-13', '2022-09-14', 1, 4, 162, 24),
(807, 'HEB149183817', '65.67', '2022-09-14', '2022-09-15', 1, 4, 162, 22),
(808, 'HEB123512406', '99.00', '2022-09-15', '2022-09-16', 1, 4, 162, 23),
(809, 'HEB671621117', '89.46', '2022-09-16', '2022-09-17', 1, 4, 162, 2),
(810, 'HEB733983743', '99.00', '2022-09-17', '2022-09-18', 1, 4, 162, 23),
(811, 'HEB140439806', '88.15', '2022-07-13', '2022-07-14', 1, 4, 163, 26),
(812, 'HEB595388716', '58.99', '2022-07-14', '2022-07-15', 1, 4, 163, 5),
(813, 'HEB289930761', '43.17', '2022-07-15', '2022-07-16', 1, 4, 163, 24),
(814, 'HEB763268378', '49.01', '2022-07-16', '2022-07-17', 1, 4, 163, 20),
(815, 'HEB472059357', '103.00', '2022-07-17', '2022-07-18', 1, 4, 163, 8),
(816, 'HEB870355501', '75.14', '2021-09-29', '2021-09-30', 1, 4, 164, 10),
(817, 'HEB222830061', '24.33', '2021-09-30', '2021-10-01', 1, 4, 164, 9),
(818, 'HEB240818790', '257.02', '2021-10-01', '2021-10-02', 1, 4, 164, 17),
(819, 'HEB160245494', '87.99', '2021-10-02', '2021-10-03', 1, 4, 164, 21),
(820, 'HEB175870982', '66.01', '2021-10-03', '2021-10-04', 1, 4, 164, 11),
(821, 'HEB359186497', '103.00', '2021-02-27', '2021-02-28', 1, 4, 165, 8),
(822, 'HEB898674135', '45.06', '2021-02-28', '2021-03-01', 1, 4, 165, 12),
(823, 'HEB389690314', '70.45', '2021-03-01', '2021-03-02', 1, 4, 165, 1),
(824, 'HEB316085341', '66.01', '2021-03-02', '2021-03-03', 1, 4, 165, 11),
(825, 'HEB720380308', '86.22', '2021-03-03', '2021-03-04', 1, 4, 165, 16),
(826, 'HEB631544850', '58.99', '2021-05-23', '2021-05-24', 1, 5, 166, 5),
(827, 'HEB250861833', '88.15', '2021-05-24', '2021-05-25', 1, 5, 166, 26),
(828, 'HEB167739722', '87.99', '2021-05-25', '2021-05-26', 1, 5, 166, 21),
(829, 'HEB829476204', '49.01', '2021-05-26', '2021-05-27', 1, 5, 166, 20),
(830, 'HEB798590779', '36.67', '2021-05-27', '2021-05-28', 1, 5, 166, 3),
(831, 'HEB447970562', '63.78', '2021-08-02', '2021-08-03', 1, 5, 167, 6),
(832, 'HEB930407750', '56.45', '2021-08-03', '2021-08-04', 1, 5, 167, 14),
(833, 'HEB134691930', '87.99', '2021-08-04', '2021-08-05', 1, 5, 167, 21),
(834, 'HEB141341219', '66.01', '2021-08-05', '2021-08-06', 1, 5, 167, 11),
(835, 'HEB884798454', '69.03', '2021-08-06', '2021-08-07', 1, 5, 167, 25),
(836, 'HEB850489814', '66.01', '2021-07-04', '2021-07-05', 1, 5, 168, 11),
(837, 'HEB487906204', '86.22', '2021-07-05', '2021-07-06', 1, 5, 168, 16),
(838, 'HEB338462474', '78.08', '2021-07-06', '2021-07-07', 1, 5, 168, 19),
(839, 'HEB773609769', '58.99', '2021-07-07', '2021-07-08', 1, 5, 168, 5),
(840, 'HEB363564926', '87.99', '2021-07-08', '2021-07-09', 1, 5, 168, 21),
(841, 'HEB436912476', '69.03', '2021-10-15', '2021-10-16', 1, 5, 169, 25),
(842, 'HEB443804616', '69.03', '2021-10-16', '2021-10-17', 1, 5, 169, 25),
(843, 'HEB687846845', '88.15', '2021-10-17', '2021-10-18', 1, 5, 169, 26),
(844, 'HEB108385068', '63.78', '2021-10-18', '2021-10-19', 1, 5, 169, 6),
(845, 'HEB570762338', '36.67', '2021-10-19', '2021-10-20', 1, 5, 169, 3),
(846, 'HEB957905661', '69.03', '2022-10-03', '2022-10-04', 1, 5, 170, 25),
(847, 'HEB276275866', '45.06', '2022-10-04', '2022-10-05', 1, 5, 170, 12),
(848, 'HEB514177801', '43.17', '2022-10-05', '2022-10-06', 1, 5, 170, 24),
(849, 'HEB415018171', '78.08', '2022-10-06', '2022-10-07', 1, 5, 170, 19),
(850, 'HEB336191739', '58.99', '2022-10-07', '2022-10-08', 1, 5, 170, 5),
(851, 'HEB601974473', '45.06', '2022-02-15', '2022-02-16', 1, 5, 171, 12),
(852, 'HEB479762016', '24.33', '2022-02-16', '2022-02-17', 1, 5, 171, 9),
(853, 'HEB954139624', '156.65', '2022-02-17', '2022-02-18', 1, 5, 171, 15),
(854, 'HEB167731017', '66.01', '2022-02-18', '2022-02-19', 1, 5, 171, 11),
(855, 'HEB378804744', '49.01', '2022-02-19', '2022-02-20', 1, 5, 171, 20),
(856, 'HEB426801732', '49.01', '2021-06-10', '2021-06-11', 1, 5, 172, 20),
(857, 'HEB641250025', '150.00', '2021-06-11', '2021-06-12', 1, 5, 172, 13),
(858, 'HEB629093723', '65.67', '2021-06-12', '2021-06-13', 1, 5, 172, 22),
(859, 'HEB370446617', '24.33', '2021-06-13', '2021-06-14', 1, 5, 172, 9),
(860, 'HEB595974526', '58.99', '2021-06-14', '2021-06-15', 1, 5, 172, 5),
(861, 'HEB230389539', '70.45', '2022-12-12', '2022-12-13', 1, 5, 173, 1),
(862, 'HEB691040830', '58.99', '2022-12-13', '2022-12-14', 1, 5, 173, 5),
(863, 'HEB275318772', '69.03', '2022-12-14', '2022-12-15', 1, 5, 173, 25),
(864, 'HEB557511042', '75.14', '2022-12-15', '2022-12-16', 1, 5, 173, 10),
(865, 'HEB393390126', '99.00', '2022-12-16', '2022-12-17', 1, 5, 173, 23),
(866, 'HEB341983008', '56.45', '2021-07-15', '2021-07-16', 1, 5, 174, 14),
(867, 'HEB355129580', '56.45', '2021-07-16', '2021-07-17', 1, 5, 174, 14),
(868, 'HEB731025871', '24.33', '2021-07-17', '2021-07-18', 1, 5, 174, 9),
(869, 'HEB539629490', '103.00', '2021-07-18', '2021-07-19', 1, 5, 174, 8),
(870, 'HEB292552355', '100.08', '2021-07-19', '2021-07-20', 1, 5, 174, 7),
(871, 'HEB180816064', '24.33', '2021-09-11', '2021-09-12', 1, 5, 175, 9),
(872, 'HEB633371051', '75.14', '2021-09-12', '2021-09-13', 1, 5, 175, 10),
(873, 'HEB119425859', '75.14', '2021-09-13', '2021-09-14', 1, 5, 175, 10),
(874, 'HEB365111325', '36.67', '2021-09-14', '2021-09-15', 1, 5, 175, 3),
(875, 'HEB835688464', '68.06', '2021-09-15', '2021-09-16', 1, 5, 175, 18),
(876, 'HEB591056716', '63.78', '2022-01-23', '2022-01-24', 1, 5, 176, 6),
(877, 'HEB488082242', '45.06', '2022-01-24', '2022-01-25', 1, 5, 176, 12),
(878, 'HEB918889386', '49.01', '2022-01-25', '2022-01-26', 1, 5, 176, 20),
(879, 'HEB728291335', '87.99', '2022-01-26', '2022-01-27', 1, 5, 176, 21),
(880, 'HEB906865505', '99.00', '2022-01-27', '2022-01-28', 1, 5, 176, 23),
(881, 'HEB595929313', '78.08', '2021-07-01', '2021-07-02', 1, 5, 177, 19),
(882, 'HEB218653168', '156.65', '2021-07-02', '2021-07-03', 1, 5, 177, 15),
(883, 'HEB623030484', '156.65', '2021-07-03', '2021-07-04', 1, 5, 177, 15),
(884, 'HEB794486098', '49.01', '2021-07-04', '2021-07-05', 1, 5, 177, 20),
(885, 'HEB232806393', '86.22', '2021-07-05', '2021-07-06', 1, 5, 177, 16),
(886, 'HEB400785098', '45.06', '2022-03-24', '2022-03-25', 1, 5, 178, 12),
(887, 'HEB579183901', '86.22', '2022-03-25', '2022-03-26', 1, 5, 178, 16),
(888, 'HEB823633666', '43.17', '2022-03-26', '2022-03-27', 1, 5, 178, 24),
(889, 'HEB315671292', '103.00', '2022-03-27', '2022-03-28', 1, 5, 178, 8),
(890, 'HEB675918940', '69.03', '2022-03-28', '2022-03-29', 1, 5, 178, 25),
(891, 'HEB617929922', '78.08', '2021-10-25', '2021-10-26', 1, 5, 179, 19),
(892, 'HEB793754379', '78.08', '2021-10-26', '2021-10-27', 1, 5, 179, 19),
(893, 'HEB651270484', '70.45', '2021-10-27', '2021-10-28', 1, 5, 179, 1),
(894, 'HEB148927186', '70.45', '2021-10-28', '2021-10-29', 1, 5, 179, 1),
(895, 'HEB982185147', '150.00', '2021-10-29', '2021-10-30', 1, 5, 179, 13),
(896, 'HEB319911578', '103.00', '2022-06-19', '2022-06-20', 1, 5, 180, 8),
(897, 'HEB478488601', '43.17', '2022-06-20', '2022-06-21', 1, 5, 180, 24),
(898, 'HEB123436049', '88.15', '2022-06-21', '2022-06-22', 1, 5, 180, 26),
(899, 'HEB107784228', '49.01', '2022-06-22', '2022-06-23', 1, 5, 180, 20),
(900, 'HEB910155451', '24.33', '2022-06-23', '2022-06-24', 1, 5, 180, 9),
(901, 'HEB638577488', '63.78', '2021-05-18', '2021-05-19', 1, 6, 181, 6),
(902, 'HEB673737024', '78.08', '2021-05-19', '2021-05-20', 1, 6, 181, 19),
(903, 'HEB357618687', '75.14', '2021-05-20', '2021-05-21', 1, 6, 181, 10),
(904, 'HEB186277124', '100.08', '2021-05-21', '2021-05-22', 1, 6, 181, 7),
(905, 'HEB841649465', '63.78', '2021-05-22', '2021-05-23', 1, 6, 181, 6),
(906, 'HEB514820120', '36.67', '2022-08-24', '2022-08-25', 1, 6, 182, 3),
(907, 'HEB212517642', '43.17', '2022-08-25', '2022-08-26', 1, 6, 182, 24),
(908, 'HEB285715874', '69.03', '2022-08-26', '2022-08-27', 1, 6, 182, 25),
(909, 'HEB753698380', '87.99', '2022-08-27', '2022-08-28', 1, 6, 182, 21),
(910, 'HEB298238589', '58.99', '2022-08-28', '2022-08-29', 1, 6, 182, 5),
(911, 'HEB356824968', '69.03', '2022-04-13', '2022-04-14', 1, 6, 183, 25),
(912, 'HEB986296952', '87.99', '2022-04-14', '2022-04-15', 1, 6, 183, 21),
(913, 'HEB271349475', '70.45', '2022-04-15', '2022-04-16', 1, 6, 183, 1),
(914, 'HEB902371172', '56.45', '2022-04-16', '2022-04-17', 1, 6, 183, 14),
(915, 'HEB738028756', '45.06', '2022-04-17', '2022-04-18', 1, 6, 183, 12),
(916, 'HEB965361530', '75.14', '2021-07-08', '2021-07-09', 1, 6, 184, 10),
(917, 'HEB940113292', '100.08', '2021-07-09', '2021-07-10', 1, 6, 184, 7),
(918, 'HEB489012308', '257.02', '2021-07-10', '2021-07-11', 1, 6, 184, 17),
(919, 'HEB991473067', '257.02', '2021-07-11', '2021-07-12', 1, 6, 184, 17),
(920, 'HEB913409918', '43.17', '2021-07-12', '2021-07-13', 1, 6, 184, 24),
(921, 'HEB172472005', '86.22', '2021-03-13', '2021-03-14', 1, 6, 185, 16),
(922, 'HEB915404980', '70.45', '2021-03-14', '2021-03-15', 1, 6, 185, 1),
(923, 'HEB168504286', '69.03', '2021-03-15', '2021-03-16', 1, 6, 185, 25),
(924, 'HEB205998551', '56.45', '2021-03-16', '2021-03-17', 1, 6, 185, 14),
(925, 'HEB202891942', '78.08', '2021-03-17', '2021-03-18', 1, 6, 185, 19),
(926, 'HEB845037045', '87.99', '2022-02-28', '2022-03-01', 1, 6, 186, 21),
(927, 'HEB799321113', '100.08', '2022-03-01', '2022-03-02', 1, 6, 186, 7),
(928, 'HEB643123634', '87.99', '2022-03-02', '2022-03-03', 1, 6, 186, 21),
(929, 'HEB540897492', '69.03', '2022-03-03', '2022-03-04', 1, 6, 186, 25),
(930, 'HEB823143500', '89.46', '2022-03-04', '2022-03-05', 1, 6, 186, 2),
(931, 'HEB856655593', '99.00', '2022-09-02', '2022-09-03', 1, 6, 187, 23),
(932, 'HEB168010933', '24.33', '2022-09-03', '2022-09-04', 1, 6, 187, 9),
(933, 'HEB674198116', '89.46', '2022-09-04', '2022-09-05', 1, 6, 187, 2),
(934, 'HEB549602044', '58.99', '2022-09-05', '2022-09-06', 1, 6, 187, 5),
(935, 'HEB267423913', '100.08', '2022-09-06', '2022-09-07', 1, 6, 187, 7),
(936, 'HEB126897660', '88.15', '2021-04-08', '2021-04-09', 1, 6, 188, 26),
(937, 'HEB498160215', '89.46', '2021-04-09', '2021-04-10', 1, 6, 188, 2),
(938, 'HEB688943772', '36.67', '2021-04-10', '2021-04-11', 1, 6, 188, 3),
(939, 'HEB128762040', '65.67', '2021-04-11', '2021-04-12', 1, 6, 188, 22),
(940, 'HEB190820245', '58.99', '2021-04-12', '2021-04-13', 1, 6, 188, 5),
(941, 'HEB616350905', '65.67', '2022-12-17', '2022-12-18', 1, 6, 189, 22),
(942, 'HEB425893949', '36.67', '2022-12-18', '2022-12-19', 1, 6, 189, 3),
(943, 'HEB790438930', '56.45', '2022-12-19', '2022-12-20', 1, 6, 189, 14),
(944, 'HEB340060164', '99.00', '2022-12-20', '2022-12-21', 1, 6, 189, 23),
(945, 'HEB598629346', '45.06', '2022-12-21', '2022-12-22', 1, 6, 189, 12),
(946, 'HEB624912034', '75.14', '2022-01-05', '2022-01-06', 1, 6, 190, 10),
(947, 'HEB519019414', '24.33', '2022-01-06', '2022-01-07', 1, 6, 190, 9),
(948, 'HEB966858278', '103.00', '2022-01-07', '2022-01-08', 1, 6, 190, 8),
(949, 'HEB413869542', '99.00', '2022-01-08', '2022-01-09', 1, 6, 190, 23),
(950, 'HEB615395581', '43.17', '2022-01-09', '2022-01-10', 1, 6, 190, 24),
(951, 'HEB959740608', '65.67', '2021-03-29', '2021-03-30', 1, 6, 191, 22),
(952, 'HEB304285279', '24.33', '2021-03-30', '2021-03-31', 1, 6, 191, 9),
(953, 'HEB821908175', '100.08', '2021-03-31', '2021-04-01', 1, 6, 191, 7),
(954, 'HEB360095418', '56.45', '2021-04-01', '2021-04-02', 1, 6, 191, 14),
(955, 'HEB376041863', '68.06', '2021-04-02', '2021-04-03', 1, 6, 191, 18),
(956, 'HEB785719405', '103.00', '2022-09-05', '2022-09-06', 1, 6, 192, 8),
(957, 'HEB259765291', '69.03', '2022-09-06', '2022-09-07', 1, 6, 192, 25),
(958, 'HEB603557767', '75.14', '2022-09-07', '2022-09-08', 1, 6, 192, 10),
(959, 'HEB297897418', '156.65', '2022-09-08', '2022-09-09', 1, 6, 192, 15),
(960, 'HEB120363790', '156.65', '2022-09-09', '2022-09-10', 1, 6, 192, 15),
(961, 'HEB917857071', '66.01', '2021-04-25', '2021-04-26', 1, 6, 193, 11),
(962, 'HEB464654965', '257.02', '2021-04-26', '2021-04-27', 1, 6, 193, 17),
(963, 'HEB170373694', '156.65', '2021-04-27', '2021-04-28', 1, 6, 193, 15),
(964, 'HEB528771466', '65.67', '2021-04-28', '2021-04-29', 1, 6, 193, 22),
(965, 'HEB782473982', '75.14', '2021-04-29', '2021-04-30', 1, 6, 193, 10),
(966, 'HEB581251076', '103.00', '2022-08-07', '2022-08-08', 1, 6, 194, 8),
(967, 'HEB698546791', '58.99', '2022-08-08', '2022-08-09', 1, 6, 194, 5),
(968, 'HEB400201445', '99.00', '2022-08-09', '2022-08-10', 1, 6, 194, 23),
(969, 'HEB203177613', '99.00', '2022-08-10', '2022-08-11', 1, 6, 194, 23),
(970, 'HEB669257909', '68.06', '2022-08-11', '2022-08-12', 1, 6, 194, 18),
(971, 'HEB783728696', '257.02', '2021-06-23', '2021-06-24', 1, 6, 195, 17),
(972, 'HEB934234534', '49.01', '2021-06-24', '2021-06-25', 1, 6, 195, 20),
(973, 'HEB252178372', '257.02', '2021-06-25', '2021-06-26', 1, 6, 195, 17),
(974, 'HEB589616583', '75.14', '2021-06-26', '2021-06-27', 1, 6, 195, 10),
(975, 'HEB346285600', '156.65', '2021-06-27', '2021-06-28', 1, 6, 195, 15),
(976, 'HEB417030126', '24.33', '2021-03-14', '2021-03-15', 1, 7, 196, 9),
(977, 'HEB644511108', '257.02', '2021-03-15', '2021-03-16', 1, 7, 196, 17),
(978, 'HEB499095728', '156.65', '2021-03-16', '2021-03-17', 1, 7, 196, 15),
(979, 'HEB508465023', '58.99', '2021-03-17', '2021-03-18', 1, 7, 196, 5),
(980, 'HEB458704268', '45.06', '2021-03-18', '2021-03-19', 1, 7, 196, 12),
(981, 'HEB151898769', '49.01', '2022-03-16', '2022-03-17', 1, 7, 197, 20),
(982, 'HEB918950860', '156.65', '2022-03-17', '2022-03-18', 1, 7, 197, 15),
(983, 'HEB426537189', '43.17', '2022-03-18', '2022-03-19', 1, 7, 197, 24),
(984, 'HEB820417351', '24.33', '2022-03-19', '2022-03-20', 1, 7, 197, 9),
(985, 'HEB669226898', '88.15', '2022-03-20', '2022-03-21', 1, 7, 197, 26),
(986, 'HEB884249021', '88.15', '2022-06-09', '2022-06-10', 1, 7, 198, 26),
(987, 'HEB477980646', '150.00', '2022-06-10', '2022-06-11', 1, 7, 198, 13),
(988, 'HEB706244746', '58.99', '2022-06-11', '2022-06-12', 1, 7, 198, 5),
(989, 'HEB739911267', '36.67', '2022-06-12', '2022-06-13', 1, 7, 198, 3),
(990, 'HEB802003056', '43.17', '2022-06-13', '2022-06-14', 1, 7, 198, 24),
(991, 'HEB598825363', '43.17', '2022-05-25', '2022-05-26', 1, 7, 199, 24),
(992, 'HEB206093666', '78.08', '2022-05-26', '2022-05-27', 1, 7, 199, 19),
(993, 'HEB283174845', '56.45', '2022-05-27', '2022-05-28', 1, 7, 199, 14),
(994, 'HEB127486101', '150.00', '2022-05-28', '2022-05-29', 1, 7, 199, 13),
(995, 'HEB153444382', '87.99', '2022-05-29', '2022-05-30', 1, 7, 199, 21),
(996, 'HEB855792325', '103.00', '2021-02-25', '2021-02-26', 1, 7, 200, 8),
(997, 'HEB263454875', '257.02', '2021-02-26', '2021-02-27', 1, 7, 200, 17),
(998, 'HEB897183090', '150.00', '2021-02-27', '2021-02-28', 1, 7, 200, 13),
(999, 'HEB868681168', '66.01', '2021-02-28', '2021-03-01', 1, 7, 200, 11),
(1000, 'HEB991630680', '257.02', '2021-03-01', '2021-03-02', 1, 7, 200, 17),
(1001, 'HEB324787859', '66.01', '2022-06-20', '2022-06-21', 1, 7, 201, 11),
(1002, 'HEB751695613', '69.03', '2022-06-21', '2022-06-22', 1, 7, 201, 25),
(1003, 'HEB994449384', '88.15', '2022-06-22', '2022-06-23', 1, 7, 201, 26),
(1004, 'HEB173101533', '69.03', '2022-06-23', '2022-06-24', 1, 7, 201, 25),
(1005, 'HEB152678236', '150.00', '2022-06-24', '2022-06-25', 1, 7, 201, 13),
(1006, 'HEB990974951', '70.45', '2022-06-18', '2022-06-19', 1, 7, 202, 1),
(1007, 'HEB507883367', '49.01', '2022-06-19', '2022-06-20', 1, 7, 202, 20),
(1008, 'HEB258851238', '68.06', '2022-06-20', '2022-06-21', 1, 7, 202, 18),
(1009, 'HEB602352818', '150.00', '2022-06-21', '2022-06-22', 1, 7, 202, 13),
(1010, 'HEB960143719', '89.46', '2022-06-22', '2022-06-23', 1, 7, 202, 2),
(1011, 'HEB171135162', '68.06', '2021-09-14', '2021-09-15', 1, 7, 203, 18),
(1012, 'HEB704929305', '78.08', '2021-09-15', '2021-09-16', 1, 7, 203, 19),
(1013, 'HEB855904182', '89.46', '2021-09-16', '2021-09-17', 1, 7, 203, 2),
(1014, 'HEB119361711', '103.00', '2021-09-17', '2021-09-18', 1, 7, 203, 8),
(1015, 'HEB483862416', '257.02', '2021-09-18', '2021-09-19', 1, 7, 203, 17),
(1016, 'HEB913513847', '63.78', '2022-06-11', '2022-06-12', 1, 7, 204, 6),
(1017, 'HEB515013816', '88.15', '2022-06-12', '2022-06-13', 1, 7, 204, 26),
(1018, 'HEB513602896', '49.01', '2022-06-13', '2022-06-14', 1, 7, 204, 20),
(1019, 'HEB859659073', '99.00', '2022-06-14', '2022-06-15', 1, 7, 204, 23),
(1020, 'HEB922927668', '257.02', '2022-06-15', '2022-06-16', 1, 7, 204, 17),
(1021, 'HEB974633965', '86.22', '2021-08-27', '2021-08-28', 1, 7, 205, 16),
(1022, 'HEB377456228', '68.06', '2021-08-28', '2021-08-29', 1, 7, 205, 18),
(1023, 'HEB830723141', '86.22', '2021-08-29', '2021-08-30', 1, 7, 205, 16),
(1024, 'HEB256205274', '156.65', '2021-08-30', '2021-08-31', 1, 7, 205, 15),
(1025, 'HEB126813752', '75.14', '2021-08-31', '2021-09-01', 1, 7, 205, 10),
(1026, 'HEB326932904', '49.01', '2021-08-25', '2021-08-26', 1, 7, 206, 20),
(1027, 'HEB427432857', '43.17', '2021-08-26', '2021-08-27', 1, 7, 206, 24),
(1028, 'HEB249026665', '156.65', '2021-08-27', '2021-08-28', 1, 7, 206, 15),
(1029, 'HEB730570722', '43.17', '2021-08-28', '2021-08-29', 1, 7, 206, 24),
(1030, 'HEB646636335', '100.08', '2021-08-29', '2021-08-30', 1, 7, 206, 7),
(1031, 'HEB465958680', '89.46', '2022-01-16', '2022-01-17', 1, 7, 207, 2),
(1032, 'HEB210580863', '88.15', '2022-01-17', '2022-01-18', 1, 7, 207, 26),
(1033, 'HEB414937475', '43.17', '2022-01-18', '2022-01-19', 1, 7, 207, 24),
(1034, 'HEB467127476', '58.99', '2022-01-19', '2022-01-20', 1, 7, 207, 5),
(1035, 'HEB457742860', '43.17', '2022-01-20', '2022-01-21', 1, 7, 207, 24),
(1036, 'HEB490366990', '65.67', '2022-02-24', '2022-02-25', 1, 7, 208, 22),
(1037, 'HEB514280300', '86.22', '2022-02-25', '2022-02-26', 1, 7, 208, 16),
(1038, 'HEB892910378', '75.14', '2022-02-26', '2022-02-27', 1, 7, 208, 10),
(1039, 'HEB232509184', '156.65', '2022-02-27', '2022-02-28', 1, 7, 208, 15),
(1040, 'HEB177305141', '150.00', '2022-02-28', '2022-03-01', 1, 7, 208, 13),
(1041, 'HEB283168650', '99.00', '2022-03-15', '2022-03-16', 1, 7, 209, 23),
(1042, 'HEB955988669', '88.15', '2022-03-16', '2022-03-17', 1, 7, 209, 26),
(1043, 'HEB318059743', '150.00', '2022-03-17', '2022-03-18', 1, 7, 209, 13),
(1044, 'HEB432493928', '89.46', '2022-03-18', '2022-03-19', 1, 7, 209, 2),
(1045, 'HEB544210246', '43.17', '2022-03-19', '2022-03-20', 1, 7, 209, 24),
(1046, 'HEB493732554', '78.08', '2022-03-07', '2022-03-08', 1, 7, 210, 19),
(1047, 'HEB970435637', '36.67', '2022-03-08', '2022-03-09', 1, 7, 210, 3),
(1048, 'HEB161963265', '257.02', '2022-03-09', '2022-03-10', 1, 7, 210, 17),
(1049, 'HEB551820358', '75.14', '2022-03-10', '2022-03-11', 1, 7, 210, 10),
(1050, 'HEB363122296', '75.14', '2022-03-11', '2022-03-12', 1, 7, 210, 10),
(1051, 'HEB548655538', '66.01', '2021-06-21', '2021-06-22', 1, 8, 211, 11),
(1052, 'HEB264533576', '45.06', '2021-06-22', '2021-06-23', 1, 8, 211, 12),
(1053, 'HEB710636584', '75.14', '2021-06-23', '2021-06-24', 1, 8, 211, 10),
(1054, 'HEB335316102', '69.03', '2021-06-24', '2021-06-25', 1, 8, 211, 25),
(1055, 'HEB539402150', '45.06', '2021-06-25', '2021-06-26', 1, 8, 211, 12),
(1056, 'HEB524583546', '100.08', '2021-03-12', '2021-03-13', 1, 8, 212, 7),
(1057, 'HEB954660306', '66.01', '2021-03-13', '2021-03-14', 1, 8, 212, 11),
(1058, 'HEB962462468', '103.00', '2021-03-14', '2021-03-15', 1, 8, 212, 8),
(1059, 'HEB491057543', '56.45', '2021-03-15', '2021-03-16', 1, 8, 212, 14),
(1060, 'HEB973799424', '63.78', '2021-03-16', '2021-03-17', 1, 8, 212, 6),
(1061, 'HEB407122474', '103.00', '2021-02-15', '2021-02-16', 1, 8, 213, 8),
(1062, 'HEB863013140', '88.15', '2021-02-16', '2021-02-17', 1, 8, 213, 26),
(1063, 'HEB327493116', '75.14', '2021-02-17', '2021-02-18', 1, 8, 213, 10),
(1064, 'HEB203412268', '86.22', '2021-02-18', '2021-02-19', 1, 8, 213, 16),
(1065, 'HEB283060179', '24.33', '2021-02-19', '2021-02-20', 1, 8, 213, 9),
(1066, 'HEB385189987', '36.67', '2022-05-02', '2022-05-03', 1, 8, 214, 3),
(1067, 'HEB757196950', '36.67', '2022-05-03', '2022-05-04', 1, 8, 214, 3),
(1068, 'HEB404817501', '24.33', '2022-05-04', '2022-05-05', 1, 8, 214, 9),
(1069, 'HEB439201611', '100.08', '2022-05-05', '2022-05-06', 1, 8, 214, 7),
(1070, 'HEB272309933', '78.08', '2022-05-06', '2022-05-07', 1, 8, 214, 19),
(1071, 'HEB364680749', '68.06', '2021-06-27', '2021-06-28', 1, 8, 215, 18),
(1072, 'HEB942906460', '68.06', '2021-06-28', '2021-06-29', 1, 8, 215, 18),
(1073, 'HEB859929714', '75.14', '2021-06-29', '2021-06-30', 1, 8, 215, 10),
(1074, 'HEB141901935', '68.06', '2021-06-30', '2021-07-01', 1, 8, 215, 18),
(1075, 'HEB841353891', '70.45', '2021-07-01', '2021-07-02', 1, 8, 215, 1),
(1076, 'HEB209276597', '86.22', '2022-10-17', '2022-10-18', 1, 8, 216, 16),
(1077, 'HEB595604949', '36.67', '2022-10-18', '2022-10-19', 1, 8, 216, 3),
(1078, 'HEB444676944', '87.99', '2022-10-19', '2022-10-20', 1, 8, 216, 21),
(1079, 'HEB147104917', '78.08', '2022-10-20', '2022-10-21', 1, 8, 216, 19),
(1080, 'HEB760738465', '24.33', '2022-10-21', '2022-10-22', 1, 8, 216, 9),
(1081, 'HEB425928981', '69.03', '2021-08-20', '2021-08-21', 1, 8, 217, 25),
(1082, 'HEB757203781', '65.67', '2021-08-21', '2021-08-22', 1, 8, 217, 22),
(1083, 'HEB528916832', '69.03', '2021-08-22', '2021-08-23', 1, 8, 217, 25),
(1084, 'HEB711090971', '63.78', '2021-08-23', '2021-08-24', 1, 8, 217, 6),
(1085, 'HEB334045098', '68.06', '2021-08-24', '2021-08-25', 1, 8, 217, 18),
(1086, 'HEB210686565', '65.67', '2022-07-16', '2022-07-17', 1, 8, 218, 22),
(1087, 'HEB482275198', '63.78', '2022-07-17', '2022-07-18', 1, 8, 218, 6),
(1088, 'HEB293132857', '24.33', '2022-07-18', '2022-07-19', 1, 8, 218, 9),
(1089, 'HEB566615507', '58.99', '2022-07-19', '2022-07-20', 1, 8, 218, 5),
(1090, 'HEB559634483', '63.78', '2022-07-20', '2022-07-21', 1, 8, 218, 6),
(1091, 'HEB669215486', '87.99', '2022-03-01', '2022-03-02', 1, 8, 219, 21),
(1092, 'HEB810404991', '49.01', '2022-03-02', '2022-03-03', 1, 8, 219, 20),
(1093, 'HEB989597983', '69.03', '2022-03-03', '2022-03-04', 1, 8, 219, 25),
(1094, 'HEB453248045', '68.06', '2022-03-04', '2022-03-05', 1, 8, 219, 18),
(1095, 'HEB845921804', '69.03', '2022-03-05', '2022-03-06', 1, 8, 219, 25),
(1096, 'HEB937433842', '56.45', '2021-02-26', '2021-02-27', 1, 8, 220, 14),
(1097, 'HEB513305150', '156.65', '2021-02-27', '2021-02-28', 1, 8, 220, 15),
(1098, 'HEB305794560', '88.15', '2021-02-28', '2021-03-01', 1, 8, 220, 26),
(1099, 'HEB664380411', '88.15', '2021-03-01', '2021-03-02', 1, 8, 220, 26),
(1100, 'HEB472476717', '88.15', '2021-03-02', '2021-03-03', 1, 8, 220, 26),
(1101, 'HEB593831131', '58.99', '2021-10-22', '2021-10-23', 1, 8, 221, 5),
(1102, 'HEB335748701', '36.67', '2021-10-23', '2021-10-24', 1, 8, 221, 3),
(1103, 'HEB195813844', '49.01', '2021-10-24', '2021-10-25', 1, 8, 221, 20),
(1104, 'HEB805995228', '257.02', '2021-10-25', '2021-10-26', 1, 8, 221, 17),
(1105, 'HEB875677369', '257.02', '2021-10-26', '2021-10-27', 1, 8, 221, 17),
(1106, 'HEB664290683', '65.67', '2021-03-26', '2021-03-27', 1, 8, 222, 22),
(1107, 'HEB212029144', '70.45', '2021-03-27', '2021-03-28', 1, 8, 222, 1),
(1108, 'HEB460972980', '88.15', '2021-03-28', '2021-03-29', 1, 8, 222, 26),
(1109, 'HEB742016559', '86.22', '2021-03-29', '2021-03-30', 1, 8, 222, 16),
(1110, 'HEB209386615', '86.22', '2021-03-30', '2021-03-31', 1, 8, 222, 16),
(1111, 'HEB684553277', '63.78', '2022-11-25', '2022-11-26', 1, 8, 223, 6),
(1112, 'HEB751622676', '69.03', '2022-11-26', '2022-11-27', 1, 8, 223, 25),
(1113, 'HEB759646933', '88.15', '2022-11-27', '2022-11-28', 1, 8, 223, 26),
(1114, 'HEB983395486', '156.65', '2022-11-28', '2022-11-29', 1, 8, 223, 15),
(1115, 'HEB800889184', '43.17', '2022-11-29', '2022-11-30', 1, 8, 223, 24),
(1116, 'HEB629306642', '86.22', '2021-05-14', '2021-05-15', 1, 8, 224, 16),
(1117, 'HEB339166726', '86.22', '2021-05-15', '2021-05-16', 1, 8, 224, 16),
(1118, 'HEB851089708', '100.08', '2021-05-16', '2021-05-17', 1, 8, 224, 7),
(1119, 'HEB724290818', '36.67', '2021-05-17', '2021-05-18', 1, 8, 224, 3),
(1120, 'HEB516474902', '89.46', '2021-05-18', '2021-05-19', 1, 8, 224, 2),
(1121, 'HEB282354886', '68.06', '2022-08-04', '2022-08-05', 1, 8, 225, 18),
(1122, 'HEB918476285', '63.78', '2022-08-05', '2022-08-06', 1, 8, 225, 6),
(1123, 'HEB967437382', '150.00', '2022-08-06', '2022-08-07', 1, 8, 225, 13),
(1124, 'HEB609049673', '36.67', '2022-08-07', '2022-08-08', 1, 8, 225, 3),
(1125, 'HEB549246132', '68.06', '2022-08-08', '2022-08-09', 1, 8, 225, 18),
(1126, 'HEB553875202', '262.68', '2022-04-10', '2022-04-14', 4, 8, 226, 22),
(1134, 'HEB725845121', '648.89', '2022-04-17', '2022-04-28', 11, 1, 229, 5),
(1133, 'HEB502077655', '191.34', '2022-04-14', '2022-04-17', 3, 1, 229, 6),
(1129, 'HEB786669016', '525.98', '2022-04-14', '2022-04-21', 7, 8, 226, 10),
(1130, 'HEB402085328', '352.25', '2022-04-21', '2022-04-26', 5, 8, 226, 1);

-- --------------------------------------------------------

--
-- Structure de la table `reservations_voyages`
--

DROP TABLE IF EXISTS `reservations_voyages`;
CREATE TABLE IF NOT EXISTS `reservations_voyages` (
  `idReservationVoyage` int(11) NOT NULL AUTO_INCREMENT,
  `idUtilisateur` int(11) NOT NULL,
  `prix` decimal(7,2) NOT NULL,
  `code_reservation` char(255) DEFAULT NULL,
  `is_building` tinyint(1) NOT NULL,
  PRIMARY KEY (`idReservationVoyage`)
) ENGINE=MyISAM AUTO_INCREMENT=230 DEFAULT CHARSET=latin1;

--
-- Déchargement des données de la table `reservations_voyages`
--

INSERT INTO `reservations_voyages` (`idReservationVoyage`, `idUtilisateur`, `prix`, `code_reservation`, `is_building`) VALUES
(1, 4, '1960.95', 'VOY925252508', 0),
(2, 4, '2142.75', 'VOY886158110', 0),
(3, 4, '1904.35', 'VOY446405944', 0),
(4, 4, '1768.95', 'VOY176655214', 0),
(5, 4, '1803.70', 'VOY583731767', 0),
(6, 5, '2236.35', 'VOY950532903', 0),
(7, 5, '2332.50', 'VOY224398558', 0),
(8, 5, '1724.70', 'VOY358962548', 0),
(9, 5, '2220.65', 'VOY355622307', 0),
(10, 5, '1908.20', 'VOY174808422', 0),
(11, 6, '1772.50', 'VOY601743204', 0),
(12, 6, '2569.35', 'VOY146273775', 0),
(13, 6, '1988.80', 'VOY756010831', 0),
(14, 6, '3191.90', 'VOY653455905', 0),
(15, 6, '1331.70', 'VOY358971197', 0),
(16, 7, '1637.75', 'VOY706871524', 0),
(17, 7, '1742.40', 'VOY592323334', 0),
(18, 7, '2376.50', 'VOY654879035', 0),
(19, 7, '1982.05', 'VOY791736741', 0),
(20, 7, '1637.00', 'VOY997603746', 0),
(21, 8, '1860.25', 'VOY709986347', 0),
(22, 8, '2800.10', 'VOY563791447', 0),
(23, 8, '1967.00', 'VOY371460366', 0),
(24, 8, '1913.95', 'VOY749171145', 0),
(25, 8, '2062.10', 'VOY210870510', 0),
(26, 4, '1531.32', 'VOY119451882', 0),
(27, 4, '963.18', 'VOY772354507', 0),
(28, 4, '1023.84', 'VOY635781980', 0),
(29, 4, '1080.12', 'VOY385221228', 0),
(30, 4, '947.19', 'VOY832726973', 0),
(31, 4, '1246.95', 'VOY275382210', 0),
(32, 4, '1339.38', 'VOY297756210', 0),
(33, 4, '1280.19', 'VOY427723713', 0),
(34, 4, '2178.48', 'VOY225787020', 0),
(35, 4, '1464.93', 'VOY768264725', 0),
(36, 5, '1104.78', 'VOY787308967', 0),
(37, 5, '1109.25', 'VOY413571483', 0),
(38, 5, '1061.88', 'VOY339970495', 0),
(39, 5, '1557.60', 'VOY638169661', 0),
(40, 5, '1362.75', 'VOY196012709', 0),
(41, 5, '1182.78', 'VOY487108571', 0),
(42, 5, '1847.16', 'VOY805508882', 0),
(43, 5, '1184.76', 'VOY773426334', 0),
(44, 5, '1157.07', 'VOY796174323', 0),
(45, 5, '1298.94', 'VOY985354392', 0),
(46, 6, '935.10', 'VOY142992072', 0),
(47, 6, '1246.74', 'VOY561224011', 0),
(48, 6, '1486.23', 'VOY856995404', 0),
(49, 6, '982.56', 'VOY387313362', 0),
(50, 6, '1247.10', 'VOY284035477', 0),
(51, 6, '1602.63', 'VOY444353481', 0),
(52, 6, '1212.24', 'VOY783736276', 0),
(53, 6, '1148.25', 'VOY784430170', 0),
(54, 6, '1117.53', 'VOY958016889', 0),
(55, 6, '797.82', 'VOY372591095', 0),
(56, 7, '1025.34', 'VOY220026302', 0),
(57, 7, '1339.77', 'VOY377025644', 0),
(58, 7, '973.80', 'VOY707404956', 0),
(59, 7, '913.86', 'VOY139962694', 0),
(60, 7, '1199.91', 'VOY285695220', 0),
(61, 7, '1579.98', 'VOY128028110', 0),
(62, 7, '1697.07', 'VOY349520422', 0),
(63, 7, '838.68', 'VOY803721845', 0),
(64, 7, '1590.78', 'VOY584973079', 0),
(65, 7, '1771.38', 'VOY324316944', 0),
(66, 8, '1064.52', 'VOY649517003', 0),
(67, 8, '831.51', 'VOY226279415', 0),
(68, 8, '1324.38', 'VOY871863967', 0),
(69, 8, '1536.63', 'VOY259718968', 0),
(70, 8, '1089.60', 'VOY992298006', 0),
(71, 8, '1075.20', 'VOY690504295', 0),
(72, 8, '1234.74', 'VOY799232168', 0),
(73, 8, '1148.67', 'VOY443151249', 0),
(74, 8, '1609.56', 'VOY714025477', 0),
(75, 8, '1238.19', 'VOY887661579', 0),
(76, 4, '643.72', 'VOY572414964', 0),
(77, 4, '1267.90', 'VOY176517708', 0),
(78, 4, '676.72', 'VOY757730341', 0),
(79, 4, '860.26', 'VOY420086957', 0),
(80, 4, '690.98', 'VOY559735606', 0),
(81, 4, '849.92', 'VOY257276244', 0),
(82, 4, '671.48', 'VOY328556321', 0),
(83, 4, '570.32', 'VOY931442077', 0),
(84, 4, '686.16', 'VOY521093837', 0),
(85, 4, '741.32', 'VOY664478885', 0),
(86, 4, '585.30', 'VOY869190107', 0),
(87, 4, '753.44', 'VOY568760989', 0),
(88, 4, '553.86', 'VOY904680577', 0),
(89, 4, '700.38', 'VOY305861549', 0),
(90, 4, '1107.02', 'VOY922020442', 0),
(91, 5, '677.04', 'VOY883864776', 0),
(92, 5, '673.52', 'VOY638067050', 0),
(93, 5, '770.42', 'VOY430152734', 0),
(94, 5, '827.06', 'VOY751083085', 0),
(95, 5, '757.24', 'VOY649244594', 0),
(96, 5, '742.54', 'VOY464191106', 0),
(97, 5, '730.10', 'VOY409012133', 0),
(98, 5, '479.30', 'VOY886712758', 0),
(99, 5, '1183.96', 'VOY601424792', 0),
(100, 5, '674.04', 'VOY465204264', 0),
(101, 5, '689.86', 'VOY937919529', 0),
(102, 5, '766.16', 'VOY330630266', 0),
(103, 5, '866.24', 'VOY670293731', 0),
(104, 5, '716.44', 'VOY213544251', 0),
(105, 5, '1365.52', 'VOY760550013', 0),
(106, 6, '750.44', 'VOY973872097', 0),
(107, 6, '676.30', 'VOY970545354', 0),
(108, 6, '775.86', 'VOY371831568', 0),
(109, 6, '1010.00', 'VOY840709292', 0),
(110, 6, '617.58', 'VOY424711952', 0),
(111, 6, '641.32', 'VOY410056613', 0),
(112, 6, '562.28', 'VOY788170244', 0),
(113, 6, '855.76', 'VOY105300039', 0),
(114, 6, '667.92', 'VOY922267325', 0),
(115, 6, '997.00', 'VOY761232592', 0),
(116, 6, '824.06', 'VOY720739571', 0),
(117, 6, '529.70', 'VOY207185447', 0),
(118, 6, '658.24', 'VOY969717540', 0),
(119, 6, '1153.64', 'VOY192848020', 0),
(120, 6, '635.04', 'VOY628810740', 0),
(121, 7, '785.06', 'VOY919230703', 0),
(122, 7, '804.18', 'VOY135204205', 0),
(123, 7, '1168.36', 'VOY331204136', 0),
(124, 7, '964.92', 'VOY314523166', 0),
(125, 7, '527.40', 'VOY749718695', 0),
(126, 7, '895.14', 'VOY231350325', 0),
(127, 7, '906.36', 'VOY714085822', 0),
(128, 7, '822.14', 'VOY800022989', 0),
(129, 7, '952.76', 'VOY414050759', 0),
(130, 7, '605.40', 'VOY633343090', 0),
(131, 7, '875.50', 'VOY755380734', 0),
(132, 7, '1042.66', 'VOY160673105', 0),
(133, 7, '686.14', 'VOY422531865', 0),
(134, 7, '627.48', 'VOY551596954', 0),
(135, 7, '786.82', 'VOY222030461', 0),
(136, 8, '795.92', 'VOY404606509', 0),
(137, 8, '780.52', 'VOY178151866', 0),
(138, 8, '1115.90', 'VOY236584930', 0),
(139, 8, '607.04', 'VOY287801039', 0),
(140, 8, '591.64', 'VOY510355981', 0),
(141, 8, '989.54', 'VOY485937260', 0),
(142, 8, '907.76', 'VOY575732309', 0),
(143, 8, '483.46', 'VOY240473381', 0),
(144, 8, '787.44', 'VOY325019156', 0),
(145, 8, '802.08', 'VOY769819493', 0),
(146, 8, '689.38', 'VOY799445739', 0),
(147, 8, '922.66', 'VOY184971499', 0),
(148, 8, '847.06', 'VOY637124225', 0),
(149, 8, '1337.44', 'VOY828593987', 0),
(150, 8, '1102.90', 'VOY525018144', 0),
(151, 4, '321.41', 'VOY964485011', 0),
(152, 4, '253.51', 'VOY553725046', 0),
(153, 4, '400.82', 'VOY130679600', 0),
(154, 4, '336.37', 'VOY907651926', 0),
(155, 4, '364.95', 'VOY333702897', 0),
(156, 4, '449.73', 'VOY513678462', 0),
(157, 4, '433.69', 'VOY520444445', 0),
(158, 4, '354.87', 'VOY915497690', 0),
(159, 4, '454.74', 'VOY529416618', 0),
(160, 4, '591.82', 'VOY292019392', 0),
(161, 4, '516.75', 'VOY974960935', 0),
(162, 4, '396.30', 'VOY817272222', 0),
(163, 4, '342.32', 'VOY385279442', 0),
(164, 4, '510.49', 'VOY853206711', 0),
(165, 4, '370.74', 'VOY762119718', 0),
(166, 5, '320.81', 'VOY609594094', 0),
(167, 5, '343.26', 'VOY864750384', 0),
(168, 5, '377.29', 'VOY983959721', 0),
(169, 5, '326.66', 'VOY258120529', 0),
(170, 5, '294.33', 'VOY941630118', 0),
(171, 5, '341.06', 'VOY115770794', 0),
(172, 5, '348.00', 'VOY141794842', 0),
(173, 5, '372.61', 'VOY669101649', 0),
(174, 5, '340.31', 'VOY481475178', 0),
(175, 5, '279.34', 'VOY601373582', 0),
(176, 5, '344.84', 'VOY365680073', 0),
(177, 5, '526.61', 'VOY823804695', 0),
(178, 5, '346.48', 'VOY659569711', 0),
(179, 5, '447.06', 'VOY719392034', 0),
(180, 5, '307.66', 'VOY693869545', 0),
(181, 6, '380.86', 'VOY398463353', 0),
(182, 6, '295.85', 'VOY933874217', 0),
(183, 6, '328.98', 'VOY474061504', 0),
(184, 6, '732.43', 'VOY714125025', 0),
(185, 6, '360.23', 'VOY521744607', 0),
(186, 6, '434.55', 'VOY755246459', 0),
(187, 6, '371.86', 'VOY669948799', 0),
(188, 6, '338.94', 'VOY944667139', 0),
(189, 6, '302.85', 'VOY439248708', 0),
(190, 6, '344.64', 'VOY377619953', 0),
(191, 6, '314.59', 'VOY773508198', 0),
(192, 6, '560.47', 'VOY394395104', 0),
(193, 6, '620.49', 'VOY721855347', 0),
(194, 6, '428.05', 'VOY310551279', 0),
(195, 6, '794.84', 'VOY454352238', 0),
(196, 7, '542.05', 'VOY361003953', 0),
(197, 7, '361.31', 'VOY214130078', 0),
(198, 7, '376.98', 'VOY740341668', 0),
(199, 7, '415.69', 'VOY337738122', 0),
(200, 7, '833.05', 'VOY881959031', 0),
(201, 7, '442.22', 'VOY648476262', 0),
(202, 7, '426.98', 'VOY810524634', 0),
(203, 7, '595.62', 'VOY805154969', 0),
(204, 7, '556.96', 'VOY629691805', 0),
(205, 7, '472.29', 'VOY285614611', 0),
(206, 7, '392.08', 'VOY494084576', 0),
(207, 7, '322.94', 'VOY361177303', 0),
(208, 7, '533.68', 'VOY897363418', 0),
(209, 7, '469.78', 'VOY355837497', 0),
(210, 7, '522.05', 'VOY451776139', 0),
(211, 8, '300.30', 'VOY749115879', 0),
(212, 8, '389.32', 'VOY647448794', 0),
(213, 8, '376.84', 'VOY463546409', 0),
(214, 8, '275.83', 'VOY715617760', 0),
(215, 8, '349.77', 'VOY548381386', 0),
(216, 8, '313.29', 'VOY910970310', 0),
(217, 8, '335.57', 'VOY516024711', 0),
(218, 8, '276.55', 'VOY701308737', 0),
(219, 8, '343.12', 'VOY820867484', 0),
(220, 8, '477.55', 'VOY488897581', 0),
(221, 8, '658.71', 'VOY480129349', 0),
(222, 8, '396.71', 'VOY106064764', 0),
(223, 8, '420.78', 'VOY943050941', 0),
(224, 8, '398.65', 'VOY372276855', 0),
(225, 8, '386.57', 'VOY975138643', 0),
(226, 8, '1140.91', 'VOY519684604', 0),
(229, 1, '840.23', 'VOY671459659', 1);

-- --------------------------------------------------------

--
-- Structure de la table `roles`
--

DROP TABLE IF EXISTS `roles`;
CREATE TABLE IF NOT EXISTS `roles` (
  `idRole` int(11) NOT NULL AUTO_INCREMENT,
  `libelle` varchar(100) NOT NULL,
  PRIMARY KEY (`idRole`)
) ENGINE=MyISAM AUTO_INCREMENT=4 DEFAULT CHARSET=latin1;

--
-- Déchargement des données de la table `roles`
--

INSERT INTO `roles` (`idRole`, `libelle`) VALUES
(1, 'user'),
(2, 'admin'),
(3, 'proprietaire');

-- --------------------------------------------------------

--
-- Structure de la table `utilisateurs`
--

DROP TABLE IF EXISTS `utilisateurs`;
CREATE TABLE IF NOT EXISTS `utilisateurs` (
  `idUtilisateur` int(11) NOT NULL AUTO_INCREMENT,
  `email` varchar(100) NOT NULL,
  `mdp` varchar(100) NOT NULL,
  `nom` varchar(100) NOT NULL,
  `prenom` varchar(100) NOT NULL,
  `idRole` int(11) NOT NULL,
  `acceptRGPD` tinyint(1) NOT NULL,
  `dateAcceptRGPD` date DEFAULT NULL,
  `DoB` date DEFAULT NULL,
  `token` varchar(150) DEFAULT NULL,
  `desinscrit` tinyint(1) NOT NULL DEFAULT '0',
  `actif` tinyint(1) NOT NULL DEFAULT '1',
  PRIMARY KEY (`idUtilisateur`),
  UNIQUE KEY `email` (`email`)
) ENGINE=MyISAM AUTO_INCREMENT=13 DEFAULT CHARSET=latin1;

--
-- Déchargement des données de la table `utilisateurs`
--

INSERT INTO `utilisateurs` (`idUtilisateur`, `email`, `mdp`, `nom`, `prenom`, `idRole`, `acceptRGPD`, `dateAcceptRGPD`, `DoB`, `token`, `desinscrit`, `actif`) VALUES
(1, 'admin-loocalacool@gmail.com', '$2y$10$O1uO2Iyk.Se5OgnCw8xaFePpUo1NlUi6DfIY0l0C2FTAtmIN3a6hG', 'Charest', 'Victor', 2, 1, '2018-10-01', '1995-05-11', NULL, 0, 1),
(2, 'proprio-loocalacool@gmail.com', '$2y$10$TVb6GDjEmjJz2asMU5INv.0rId1vcfSXh/PLyHm.lIpMXdZyNMbVa', 'Marchais', 'Tom', 3, 1, '2018-10-01', '1981-11-26', NULL, 0, 1),
(3, 'utilisateur-loocalacool@gmail.com', '$2y$10$ad.aWT92Uo7f4kcbJ/E9heDDm1tnoE4NfNybwE1sYGPuy4PcwLUxq', 'Duchet', 'Jérémie', 1, 1, '2018-10-01', '1987-06-06', NULL, 0, 1),
(4, 'utilisateur1-loocalacool@gmail.com', '$2y$10$rmvotG2YUJWeAUEwrjaYbOsMt2gogl2GN2.3g6lz8cvGGFlx1oB5a', 'Dominique', 'De La Vergne', 1, 1, '2018-10-01', '2002-02-13', NULL, 0, 1),
(5, 'utilisateur2-loocalacool@gmail.com', '$2y$10$c8braKKjKD36as9psAEas.duhaIFv8kD4LBFMhffH8botT8As0W46', 'Paimboeuf', 'Orson', 1, 1, '2018-10-01', '1992-07-17', NULL, 0, 1),
(6, 'utilisateur3-loocalacool@gmail.com', '$2y$10$ztuE4sVJTTsl9QAzmMVS8..giHSLybk2FCBScerK7Gk7sIz4QCUKO', 'Miron', 'Françoise', 1, 1, '2018-10-01', '1975-03-14', NULL, 0, 1),
(7, 'utilisateur4-loocalacool@gmail.com', '$2y$10$2zGoaljJ9lQ92i49OwF2N.tHNu.Sj3C6GHTfk5EX85125mdq3R/4K', 'Bonenfant', 'Olympia', 1, 1, '2018-10-01', '1997-11-20', NULL, 0, 1),
(8, 'utilisateur5-loocalacool@gmail.com', '$2y$10$0p1u.39Vk2PYGswcASLbi.AzylNtBqROiP9QPedSxiIFPQA2ifhce', 'Collin', 'Arienne', 1, 1, '2018-10-01', '1987-01-15', NULL, 0, 1),
(9, 'proprio1-loocalacool@gmail.com', '$2y$10$QhhW7XSHhKqtlwEkc2Qj9ODCD/.QYCXKHCey8ptF3ofv.Rt7VRIXq', 'Tardif', 'Eleanor', 3, 1, '2018-10-01', '1984-06-23', NULL, 0, 1);

-- --------------------------------------------------------

--
-- Structure de la table `villes`
--

DROP TABLE IF EXISTS `villes`;
CREATE TABLE IF NOT EXISTS `villes` (
  `idVille` int(11) NOT NULL AUTO_INCREMENT,
  `libelle` varchar(150) DEFAULT NULL,
  `code_postal` varchar(5) NOT NULL,
  `latitude` float DEFAULT NULL,
  `longitude` float DEFAULT NULL,
  `idRegion` int(11) DEFAULT NULL,
  `description` text,
  `uuid` text,
  PRIMARY KEY (`idVille`)
) ENGINE=MyISAM AUTO_INCREMENT=76 DEFAULT CHARSET=latin1;

--
-- Déchargement des données de la table `villes`
--

INSERT INTO `villes` (`idVille`, `libelle`, `code_postal`, `latitude`, `longitude`, `idRegion`, `description`, `uuid`) VALUES
(13, 'Nantes', '44000', 47.2184, -1.55362, 2, NULL, '9b1d786adc42678cd5fe1ecd5e79032a259c52747e4d14c2248ca9c7cb70d0ad'),
(14, 'Angers', '49000', 47.4711, -0.547307, 2, NULL, '11539904062a636cdce19cebbbddd21cc90ef526074f308a57a46efe6e15569c'),
(15, 'Montaigu-Vendée', '85600', 46.9833, -1.3167, 2, NULL, '0bc741d18209d385b105da6436ee86d40d8c5a7479aeb9b1ba29cef211f3a747'),
(17, 'Cholet', '49300', 47.0594, -0.879787, 2, NULL, '298832a6b17b152006d9704a7e8c26533d4d20ab584eadda0fdaacb82e0879a7'),
(19, 'La Roche-sur-Yon', '85000', 46.6705, -1.42697, 2, NULL, '8157a057441e8921ad3b474ab3e4201bfa9970708dfe68db36bb2d3120914be1'),
(20, 'Saumur', '49400', 47.2596, -0.0785177, 2, NULL, 'fd40cce8c261f9db2fb7c0fac9403adf29baea97106d2900a73da2fe0eae7b15'),
(21, 'Pornic', '44210', 47.1153, -2.10401, 2, NULL, '2cb6bcb101e86f3ad4b88e2750d4dc191e77bd169bf4b079fa8bf67b0ddd901a'),
(22, 'La Flèche', '72200', 47.6968, -0.0746149, 2, NULL, '49aabb5dfc7ddedcf980566f1f28da2c40a16acc73d48a8c177c0195cfe31545');
COMMIT;

/*!40101 SET CHARACTER_SET_CLIENT=@OLD_CHARACTER_SET_CLIENT */;
/*!40101 SET CHARACTER_SET_RESULTS=@OLD_CHARACTER_SET_RESULTS */;
/*!40101 SET COLLATION_CONNECTION=@OLD_COLLATION_CONNECTION */;
